raw_brand_value,script,product_count,normalized_value,method,cluster_id,proposed_canonical_slug,proposed_canonical_display,cluster_min_confidence,needs_review,reviewer_decision,notes
Please select a brand.,latin,15010,please select a brand,junk_excluded,,,,,True,approve,
Spinneys,latin,697,spinneys,singleton,,spinneys,Spinneys,100.0,False,,
سبينيس,arabic,697,سبينيس,singleton,,brand_25f0e46cf2,سبينيس,100.0,False,,
Abu Auf,latin,289,abu auf,singleton,,abu_auf,Abu Auf,100.0,False,,
ابو عوف,arabic,289,ابو عوف,singleton,,brand_d5ffb5b584,ابو عوف,100.0,False,,
Elhelal,latin,273,elhelal,singleton,,elhelal,Elhelal,100.0,False,,
الهلال,arabic,273,الهلال,singleton,,brand_6d5d4f27aa,الهلال,100.0,False,,
Nouval,latin,236,nouval,singleton,,nouval,Nouval,100.0,False,,
نوڤال,arabic,236,نوڤال,singleton,,brand_52a9d51a3a,نوڤال,100.0,False,,
Dobella,latin,208,dobella,singleton,,dobella,Dobella,100.0,False,,
Mintra,latin,194,mintra,fuzzy_cluster,c5,mintra,Mintra,90.9,True,approve,
مينترا,arabic,194,مينترا,fuzzy_cluster,c31,brand_a2b50410d7,مينترا,90.9,True,approve,
Tornado,latin,192,tornado,singleton,,tornado,Tornado,100.0,False,,
تورندو,arabic,192,تورندو,singleton,,brand_db8db535c8,تورندو,100.0,False,,
Top Chef,latin,188,top chef,singleton,,top_chef,Top Chef,100.0,False,,
Pasabahce,latin,168,pasabahce,singleton,,pasabahce,Pasabahce,100.0,False,,
باسباتشي,arabic,168,باسباتشي,singleton,,brand_dd7ab0ae98,باسباتشي,100.0,False,,
Migo'S,latin,164,migo's,fuzzy_cluster,c6,migo_s,Migo'S,90.9,True,approve,
Dettol,latin,157,dettol,singleton,,dettol,Dettol,100.0,False,,
ديتول,arabic,157,ديتول,singleton,,brand_08f5a2267c,ديتول,100.0,False,,
Dove,latin,156,dove,singleton,,dove,Dove,100.0,False,,
Elite,latin,156,elite,singleton,,elite,Elite,100.0,False,,
دوف,arabic,156,دوف,singleton,,brand_b22f0a6b1b,دوف,100.0,False,,
Choice,latin,154,choice,singleton,,choice,Choice,100.0,False,,
Eva,latin,154,eva,singleton,,eva,Eva,100.0,False,,
ايفا,arabic,154,ايفا,singleton,,brand_5d41ba0aae,ايفا,100.0,False,,
Domtty,latin,146,domtty,fuzzy_cluster,c1,domtty,Domtty,90.9,True,approve,
M.Design,latin,138,m.design,singleton,,m_design,M.Design,100.0,False,,
Fresh,latin,135,fresh,singleton,,fresh,Fresh,100.0,False,,
فريش,arabic,135,فريش,singleton,,brand_dc9f52ac78,فريش,100.0,False,,
Almarai,latin,133,almarai,singleton,,almarai,Almarai,100.0,False,,
المراعى,arabic,133,المراعي,singleton,,brand_04410c55ba,المراعى,100.0,False,,
Fresh Roots,latin,130,fresh roots,singleton,,fresh_roots,Fresh Roots,100.0,False,,
Nestle,latin,130,nestle,singleton,,nestle,Nestle,100.0,False,,
نيستل,arabic,130,نيستل,singleton,,brand_e3c4465444,نيستل,100.0,False,,
M-Design,latin,127,m-design,singleton,,m_design,M-Design,100.0,False,,
م-دزين,arabic,127,م-دزين,singleton,,brand_21dd4ec498,م-دزين,100.0,False,,
Dreem,latin,122,dreem,singleton,,dreem,Dreem,100.0,False,,
Juhayna,latin,122,juhayna,singleton,,juhayna,Juhayna,100.0,False,,
Royal,latin,122,royal,singleton,,royal,Royal,100.0,False,,
جهينه,arabic,122,جهينه,singleton,,brand_ef2ef07c4e,جهينه,100.0,False,,
Nivea,latin,108,nivea,singleton,,nivea,Nivea,100.0,False,,
Shaykhon,latin,108,shaykhon,singleton,,shaykhon,Shaykhon,100.0,False,,
نيفيا,arabic,108,نيفيا,singleton,,brand_213a6102bb,نيفيا,100.0,False,,
الضحى,arabic,106,الضحي,singleton,,brand_7a4da2be67,الضحى,100.0,False,,
Rexona,latin,105,rexona,singleton,,rexona,Rexona,100.0,False,,
ريكسونا,arabic,105,ريكسونا,singleton,,brand_1a1b261a84,ريكسونا,100.0,False,,
Tiara,latin,104,tiara,singleton,,tiara,Tiara,100.0,False,,
Magical,latin,100,magical,singleton,,magical,Magical,100.0,False,,
Vatika,latin,93,vatika,singleton,,vatika,Vatika,100.0,False,,
ڤاتيكا,arabic,93,ڤاتيكا,singleton,,brand_724b2e17fe,ڤاتيكا,100.0,False,,
LG,latin,92,lg,singleton,,lg,LG,100.0,False,,
ال جى,arabic,92,ال جي,singleton,,brand_561a9a4554,ال جى,100.0,False,,
Nour,latin,88,nour,singleton,,nour,Nour,100.0,False,,
Fa,latin,87,fa,singleton,,fa,Fa,100.0,False,,
فا,arabic,87,فا,singleton,,brand_14aa780b4e,فا,100.0,False,,
Braun,latin,85,braun,singleton,,braun,Braun,100.0,False,,
Gillette,latin,85,gillette,singleton,,gillette,Gillette,100.0,False,,
براون,arabic,85,براون,singleton,,brand_128c8c1488,براون,100.0,False,,
جيليت,arabic,85,جيليت,singleton,,brand_6f14ec2835,جيليت,100.0,False,,
Ahmed Tea,latin,83,ahmed tea,singleton,,ahmed_tea,Ahmed Tea,100.0,False,,
Toshiba,latin,83,toshiba,singleton,,toshiba,Toshiba,100.0,False,,
احمد تى,arabic,83,احمد تي,singleton,,brand_4c41891821,احمد تى,100.0,False,,
توشيبا,arabic,83,توشيبا,singleton,,brand_0867cc3f2a,توشيبا,100.0,False,,
Duru,latin,82,duru,singleton,,duru,Duru,100.0,False,,
Image,latin,80,image,singleton,,image,Image,100.0,False,,
Nilco,latin,80,nilco,singleton,,nilco,Nilco,100.0,False,,
ايمج,arabic,80,ايمج,singleton,,brand_d087a46c6d,ايمج,100.0,False,,
Hero,latin,79,hero,singleton,,hero,Hero,100.0,False,,
Kamena,latin,79,kamena,singleton,,kamena,Kamena,100.0,False,,
كامينا,arabic,79,كامينا,singleton,,brand_3f06f7656a,كامينا,100.0,False,,
هيرو,arabic,79,هيرو,singleton,,brand_fd20578e40,هيرو,100.0,False,,
Halwani,latin,78,halwani,singleton,,halwani,Halwani,100.0,False,,
حلوانى,arabic,78,حلواني,singleton,,brand_ca23eac667,حلوانى,100.0,False,,
لوكس,arabic,78,لوكس,singleton,,brand_7a8eed7596,لوكس,100.0,False,,
Clorox,latin,77,clorox,singleton,,clorox,Clorox,100.0,False,,
كلوروكس,arabic,77,كلوروكس,singleton,,brand_8da012c100,كلوروكس,100.0,False,,
El Doha,latin,76,el doha,singleton,,el_doha,El Doha,100.0,False,,
Bobana,latin,75,bobana,singleton,,bobana,Bobana,100.0,False,,
L'Oreal,latin,75,l'oreal,singleton,,l_oreal,L'Oreal,100.0,False,,
بوبانا,arabic,75,بوبانا,singleton,,brand_188ecc7d6a,بوبانا,100.0,False,,
لوريال,arabic,75,لوريال,singleton,,brand_3fe4e4f042,لوريال,100.0,False,,
Frida,latin,74,frida,fuzzy_cluster,c9,frida,Frida,90.9,True,approve,
فرايدا,arabic,74,فرايدا,singleton,,brand_aca05d7351,فرايدا,100.0,False,,
Funday,latin,72,funday,singleton,,funday,Funday,100.0,False,,
Isis,latin,72,isis,singleton,,isis,Isis,100.0,False,,
Lino,latin,72,lino,singleton,,lino,Lino,100.0,False,,
Modern,latin,72,modern,singleton,,modern,Modern,100.0,False,,
ايزيس,arabic,72,ايزيس,singleton,,brand_f4ae5474b5,ايزيس,100.0,False,,
لينو,arabic,72,لينو,singleton,,brand_4f824e94a5,لينو,100.0,False,,
Atyab,latin,71,atyab,singleton,,atyab,Atyab,100.0,False,,
اطياب,arabic,71,اطياب,singleton,,brand_17ee660c72,اطياب,100.0,False,,
Don Lopez,latin,70,don lopez,singleton,,don_lopez,Don Lopez,100.0,False,,
One,latin,70,one,singleton,,one,One,100.0,False,,
White,latin,70,white,singleton,,white,White,100.0,False,,
Wonderville,latin,70,wonderville,singleton,,wonderville,Wonderville,100.0,False,,
وايت,arabic,70,وايت,singleton,,brand_640b86d90c,وايت,100.0,False,,
Garnier,latin,68,garnier,fuzzy_cluster,c7,garnier,Garnier,93.3,True,approve,
Lux,latin,68,lux,singleton,,lux,Lux,100.0,False,,
جارنير,arabic,68,جارنير,singleton,,brand_826820da42,جارنير,100.0,False,,
Palette,latin,66,palette,singleton,,palette,Palette,100.0,False,,
Pampers,latin,66,pampers,singleton,,pampers,Pampers,100.0,False,,
باليت,arabic,66,باليت,singleton,,brand_26ef8b20d6,باليت,100.0,False,,
بامبرز,arabic,66,بامبرز,singleton,,brand_bbcfbf16ce,بامبرز,100.0,False,,
Imtenan,latin,65,imtenan,singleton,,imtenan,Imtenan,100.0,False,,
Luna,latin,65,luna,singleton,,luna,Luna,100.0,False,,
امتنان,arabic,65,امتنان,singleton,,brand_73f5ad0b61,امتنان,100.0,False,,
لونا,arabic,65,لونا,singleton,,brand_27264cc653,لونا,100.0,False,,
Oxi,latin,63,oxi,singleton,,oxi,Oxi,100.0,False,,
اوكسى,arabic,63,اوكسي,singleton,,brand_ab1d85a2b7,اوكسى,100.0,False,,
Zahran,latin,62,zahran,singleton,,zahran,Zahran,100.0,False,,
زهران,arabic,62,زهران,singleton,,brand_783ad8f117,زهران,100.0,False,,
Axe,latin,61,axe,singleton,,axe,Axe,100.0,False,,
Healthy,latin,61,healthy,singleton,,healthy,Healthy,100.0,False,,
اكس,arabic,61,اكس,singleton,,brand_6cf1c5a6ce,اكس,100.0,False,,
هلثى,arabic,61,هلثي,singleton,,brand_984a85c9ce,هلثى,100.0,False,,
Alyemeni,latin,60,alyemeni,singleton,,alyemeni,Alyemeni,100.0,False,,
Bab Elsham,latin,60,bab elsham,singleton,,bab_elsham,Bab Elsham,100.0,False,,
Care+More,latin,60,care+more,singleton,,care_more,Care+More,100.0,False,,
باب الشام,arabic,60,باب الشام,singleton,,brand_a6068ce17f,باب الشام,100.0,False,,
كير+مور,arabic,60,كير+مور,singleton,,brand_da9cf0c876,كير+مور,100.0,False,,
Crystal,latin,58,crystal,singleton,,crystal,Crystal,100.0,False,,
Pure,latin,58,pure,singleton,,pure,Pure,100.0,False,,
Tefal,latin,58,tefal,singleton,,tefal,Tefal,100.0,False,,
fFrida,latin,58,ffrida,singleton,,ffrida,fFrida,100.0,False,,
تيفال,arabic,58,تيفال,singleton,,brand_00ce1a5943,تيفال,100.0,False,,
Temmys,latin,57,temmys,singleton,,temmys,Temmys,100.0,False,,
تيمميز,arabic,57,تيمميز,singleton,,brand_9468688896,تيمميز,100.0,False,,
Chefy Mix,latin,56,chefy mix,singleton,,chefy_mix,Chefy Mix,100.0,False,,
Daria,latin,56,daria,singleton,,daria,Daria,100.0,False,,
Lovely Heart,latin,56,lovely heart,singleton,,lovely_heart,Lovely Heart,100.0,False,,
Migos,latin,56,migos,fuzzy_cluster,c6,migo_s,Migo'S,90.9,True,approve,
شيفى ميكس,arabic,56,شيفي ميكس,singleton,,brand_1761c7b215,شيفى ميكس,100.0,False,,
ميجوز,arabic,56,ميجوز,singleton,,brand_d1354d6886,ميجوز,100.0,False,,
Koki,latin,55,koki,singleton,,koki,Koki,100.0,False,,
Sharp,latin,55,sharp,singleton,,sharp,Sharp,100.0,False,,
Signal,latin,55,signal,singleton,,signal,Signal,100.0,False,,
سيجنال,arabic,55,سيجنال,singleton,,brand_8c39d0f0a4,سيجنال,100.0,False,,
شارب,arabic,55,شارب,singleton,,brand_d1e6606517,شارب,100.0,False,,
كوكى,arabic,55,كوكي,singleton,,brand_8c7e6cc69b,كوكى,100.0,False,,
Sun Shine,latin,54,sun shine,singleton,,sun_shine,Sun Shine,100.0,False,,
Al Tahhan,latin,53,al tahhan,singleton,,al_tahhan,Al Tahhan,100.0,False,,
Elvive,latin,53,elvive,singleton,,elvive,Elvive,100.0,False,,
Persil,latin,53,persil,singleton,,persil,Persil,100.0,False,,
الطحان,arabic,53,الطحان,singleton,,brand_1dbfe91f09,الطحان,100.0,False,,
ايلڤيڤ,arabic,53,ايلڤيڤ,singleton,,brand_b4b65fe762,ايلڤيڤ,100.0,False,,
برسيل,arabic,53,برسيل,singleton,,brand_ebac4d5853,برسيل,100.0,False,,
Dabur,latin,52,dabur,singleton,,dabur,Dabur,100.0,False,,
Energy,latin,52,energy,singleton,,energy,Energy,100.0,False,,
Maxell Magic,latin,52,maxell magic,singleton,,maxell_magic,Maxell Magic,100.0,False,,
ماكسيل ماجيك,arabic,52,ماكسيل ماجيك,singleton,,brand_0bdae77566,ماكسيل ماجيك,100.0,False,,
Americana,latin,50,americana,singleton,,americana,Americana,100.0,False,,
Best,latin,50,best,singleton,,best,Best,100.0,False,,
Mira,latin,50,mira,singleton,,mira,Mira,100.0,False,,
Sunsilk,latin,50,sunsilk,singleton,,sunsilk,Sunsilk,100.0,False,,
امريكانا,arabic,50,امريكانا,singleton,,brand_5c9d5ad0ee,امريكانا,100.0,False,,
بيست,arabic,50,بيست,singleton,,brand_019d1a5ff1,بيست,100.0,False,,
صن سليك,arabic,50,صن سليك,singleton,,brand_330efe21c6,صن سليك,100.0,False,,
Heinz,latin,49,heinz,singleton,,heinz,Heinz,100.0,False,,
Lifebuoy,latin,49,lifebuoy,singleton,,lifebuoy,Lifebuoy,100.0,False,,
Obour Land,latin,49,obour land,singleton,,obour_land,Obour Land,100.0,False,,
عبور لاند,arabic,49,عبور لاند,singleton,,brand_92c626d749,عبور لاند,100.0,False,,
ليفبوى,arabic,49,ليفبوي,singleton,,brand_6fa43fe042,ليفبوى,100.0,False,,
هينز,arabic,49,هينز,singleton,,brand_962c9135ac,هينز,100.0,False,,
Dayma,latin,48,dayma,singleton,,dayma,Dayma,100.0,False,,
Lord,latin,48,lord,singleton,,lord,Lord,100.0,False,,
Rich Diet,latin,48,rich diet,singleton,,rich_diet,Rich Diet,100.0,False,,
Sanita,latin,48,sanita,singleton,,sanita,Sanita,100.0,False,,
سانيتا,arabic,48,سانيتا,singleton,,brand_94dfd0904c,سانيتا,100.0,False,,
لورد,arabic,48,لورد,singleton,,brand_d811d32a1c,لورد,100.0,False,,
Chtaura,latin,47,chtaura,singleton,,chtaura,Chtaura,100.0,False,,
شتورا,arabic,47,شتورا,singleton,,brand_c44f24f451,شتورا,100.0,False,,
Always,latin,46,always,singleton,,always,Always,100.0,False,,
Avanti,latin,46,avanti,singleton,,avanti,Avanti,100.0,False,,
Bebeto,latin,46,bebeto,singleton,,bebeto,Bebeto,100.0,False,,
Cadbury's,latin,46,cadbury's,singleton,,cadbury_s,Cadbury's,100.0,False,,
Fresh Farm,latin,46,fresh farm,singleton,,fresh_farm,Fresh Farm,100.0,False,,
Orouba,latin,46,orouba,singleton,,orouba,Orouba,100.0,False,,
Shahd,latin,46,shahd,singleton,,shahd,Shahd,100.0,False,,
Speed,latin,46,speed,singleton,,speed,Speed,100.0,False,,
Tresemme,latin,46,tresemme,singleton,,tresemme,Tresemme,100.0,False,,
الويز,arabic,46,الويز,singleton,,brand_863d3ac724,الويز,100.0,False,,
اڤانتى,arabic,46,اڤانتي,singleton,,brand_3eb32af4b4,اڤانتى,100.0,False,,
بيبيتو,arabic,46,بيبيتو,singleton,,brand_e0af786914,بيبيتو,100.0,False,,
تريسيمى,arabic,46,تريسيمي,singleton,,brand_56b01be583,تريسيمى,100.0,False,,
شهد,arabic,46,شهد,singleton,,brand_669c3a1d44,شهد,100.0,False,,
كادبري,arabic,46,كادبري,singleton,,brand_1e5a5c5e3e,كادبري,100.0,False,,
Danone,latin,45,danone,singleton,,danone,Danone,100.0,False,,
Dina Farms,latin,45,dina farms,singleton,,dina_farms,Dina Farms,100.0,False,,
Vaseline,latin,45,vaseline,singleton,,vaseline,Vaseline,100.0,False,,
Zeina,latin,45,zeina,singleton,,zeina,Zeina,100.0,False,,
دانون,arabic,45,دانون,singleton,,brand_536961161a,دانون,100.0,False,,
دينا فارمس,arabic,45,دينا فارمس,singleton,,brand_c82aa4663d,دينا فارمس,100.0,False,,
زينة,arabic,45,زينة,singleton,,brand_05446a9d50,زينة,100.0,False,,
ڤازلين,arabic,45,ڤازلين,singleton,,brand_dd1e7ac17e,ڤازلين,100.0,False,,
Domty,latin,44,domty,fuzzy_cluster,c1,domtty,Domtty,90.9,True,approve,
Renol,latin,44,renol,singleton,,renol,Renol,100.0,False,,
Touch,latin,44,touch,singleton,,touch,Touch,100.0,False,,
Wadi Food,latin,44,wadi food,singleton,,wadi_food,Wadi Food,100.0,False,,
دومتى,arabic,44,دومتي,singleton,,brand_5774669ab3,دومتى,100.0,False,,
وادى فود,arabic,44,وادي فود,singleton,,brand_7301ab9828,وادى فود,100.0,False,,
Clear,latin,43,clear,singleton,,clear,Clear,100.0,False,,
El Bawadi,latin,43,el bawadi,singleton,,el_bawadi,El Bawadi,100.0,False,,
Fine,latin,43,fine,singleton,,fine,Fine,100.0,False,,
Galaxy,latin,43,galaxy,singleton,,galaxy,Galaxy,100.0,False,,
Kenwood,latin,43,kenwood,singleton,,kenwood,Kenwood,100.0,False,,
Vitrac,latin,43,vitrac,singleton,,vitrac,Vitrac,100.0,False,,
البوادى,arabic,43,البوادي,singleton,,brand_b57988977b,البوادى,100.0,False,,
جلاكسي,arabic,43,جلاكسي,fuzzy_cluster,c30,brand_8283b444e1,جلاكسي,90.9,True,approve,
فاين,arabic,43,فاين,singleton,,brand_bb43338113,فاين,100.0,False,,
فيتراك,arabic,43,فيتراك,singleton,,brand_d63a335251,فيتراك,100.0,False,,
كلير,arabic,43,كلير,singleton,,brand_06be54783b,كلير,100.0,False,,
كينوود,arabic,43,كينوود,singleton,,brand_dfbea20ebd,كينوود,100.0,False,,
Konoz,latin,42,konoz,singleton,,konoz,Konoz,100.0,False,,
Loacker,latin,42,loacker,singleton,,loacker,Loacker,100.0,False,,
Yopolis,latin,42,yopolis,singleton,,yopolis,Yopolis,100.0,False,,
لواكر,arabic,42,لواكر,singleton,,brand_ea46a120a0,لواكر,100.0,False,,
White Point,latin,41,white point,singleton,,white_point,White Point,100.0,False,,
وايت بوينت,arabic,41,وايت بوينت,singleton,,brand_2ee4214c81,وايت بوينت,100.0,False,,
Comfort,latin,40,comfort,singleton,,comfort,Comfort,100.0,False,,
Diva,latin,40,diva,singleton,,diva,Diva,100.0,False,,
Oral-B,latin,40,oral-b,singleton,,oral_b,Oral-B,100.0,False,,
Pioneer,latin,40,pioneer,singleton,,pioneer,Pioneer,100.0,False,,
President,latin,40,president,singleton,,president,President,100.0,False,,
Roasty,latin,40,roasty,singleton,,roasty,Roasty,100.0,False,,
Trio,latin,40,trio,singleton,,trio,Trio,100.0,False,,
اورال-بى,arabic,40,اورال-بي,singleton,,brand_8de6d7e6b9,اورال-بى,100.0,False,,
بريزيدون,arabic,40,بريزيدون,singleton,,brand_c48d0e59ba,بريزيدون,100.0,False,,
بيونير,arabic,40,بيونير,singleton,,brand_4563807f7b,بيونير,100.0,False,,
Feba,latin,39,feba,singleton,,feba,Feba,100.0,False,,
Hygiene,latin,39,hygiene,singleton,,hygiene,Hygiene,100.0,False,,
Mink,latin,39,mink,singleton,,mink,Mink,100.0,False,,
Saluti,latin,39,saluti,singleton,,saluti,Saluti,100.0,False,,
Three Chefs,latin,39,three chefs,singleton,,three_chefs,Three Chefs,100.0,False,,
Zanussi,latin,39,zanussi,singleton,,zanussi,Zanussi,100.0,False,,
ثرى شيفز,arabic,39,ثري شيفز,singleton,,brand_84c2877a12,ثرى شيفز,100.0,False,,
زانوسي,arabic,39,زانوسي,singleton,,brand_d10248eaf4,زانوسي,100.0,False,,
سالوتى,arabic,39,سالوتي,singleton,,brand_5fed064db8,سالوتى,100.0,False,,
فيبا,arabic,39,فيبا,singleton,,brand_5c13507d76,فيبا,100.0,False,,
مينك,arabic,39,مينك,singleton,,brand_3b092aa8f5,مينك,100.0,False,,
هيجين,arabic,39,هيجين,singleton,,brand_74af2c27e4,هيجين,100.0,False,,
Avuva,latin,38,avuva,singleton,,avuva,Avuva,100.0,False,,
Clorel,latin,38,clorel,singleton,,clorel,Clorel,100.0,False,,
Faraza,latin,38,faraza,singleton,,faraza,Faraza,100.0,False,,
Garnierr,latin,38,garnierr,fuzzy_cluster,c7,garnier,Garnier,93.3,True,approve,
Lotus,latin,38,lotus,singleton,,lotus,Lotus,100.0,False,,
Ponky,latin,38,ponky,singleton,,ponky,Ponky,100.0,False,,
Sila,latin,38,sila,singleton,,sila,Sila,100.0,False,,
Xl,latin,38,xl,singleton,,xl,Xl,100.0,False,,
Zak,latin,38,zak,singleton,,zak,Zak,100.0,False,,
افوفا,arabic,38,افوفا,singleton,,brand_9fc07fe1c3,افوفا,100.0,False,,
كلوريل,arabic,38,كلوريل,singleton,,brand_3ced1b2b02,كلوريل,100.0,False,,
لوتس,arabic,38,لوتس,singleton,,brand_4314a9d00c,لوتس,100.0,False,,
Pedrini,latin,37,pedrini,singleton,,pedrini,Pedrini,100.0,False,,
بيدرينى,arabic,37,بيدريني,singleton,,brand_3ca1843779,بيدرينى,100.0,False,,
General,latin,36,general,singleton,,general,General,100.0,False,,
Kayy,latin,36,kayy,singleton,,kayy,Kayy,100.0,False,,
Limes Gardens,latin,36,limes gardens,singleton,,limes_gardens,Limes Gardens,100.0,False,,
Malizia,latin,36,malizia,singleton,,malizia,Malizia,100.0,False,,
Marvel,latin,36,marvel,singleton,,marvel,Marvel,100.0,False,,
Molped,latin,36,molped,singleton,,molped,Molped,100.0,False,,
Velveta,latin,36,velveta,singleton,,velveta,Velveta,100.0,False,,
كاى,arabic,36,كاي,singleton,,brand_00b3d219c3,كاى,100.0,False,,
مارفل,arabic,36,مارفل,singleton,,brand_79e2ca3461,مارفل,100.0,False,,
ماليزيا,arabic,36,ماليزيا,singleton,,brand_2ac536fcb0,ماليزيا,100.0,False,,
مولبيد,arabic,36,مولبيد,singleton,,brand_8209915e0c,مولبيد,100.0,False,,
ڤلڤيت,arabic,36,ڤلڤيت,singleton,,brand_67f358a4a1,ڤلڤيت,100.0,False,,
Beesline,latin,35,beesline,singleton,,beesline,Beesline,100.0,False,,
Katilo,latin,35,katilo,singleton,,katilo,Katilo,100.0,False,,
Knorr,latin,35,knorr,singleton,,knorr,Knorr,100.0,False,,
Sante,latin,35,sante,singleton,,sante,Sante,100.0,False,,
بيزلين,arabic,35,بيزلين,singleton,,brand_ab798267fc,بيزلين,100.0,False,,
سانتى,arabic,35,سانتي,singleton,,brand_a4b0da081f,سانتى,100.0,False,,
قتيلو,arabic,35,قتيلو,singleton,,brand_132562fdbf,قتيلو,100.0,False,,
كنور,arabic,35,كنور,singleton,,brand_181e5a2eb0,كنور,100.0,False,,
Beuotat,latin,34,beuotat,singleton,,beuotat,Beuotat,100.0,False,,
Classy,latin,34,classy,singleton,,classy,Classy,100.0,False,,
Colour Me,latin,34,colour me,singleton,,colour_me,Colour Me,100.0,False,,
Cotton House,latin,34,cotton house,singleton,,cotton_house,Cotton House,100.0,False,,
Old Spice,latin,34,old spice,singleton,,old_spice,Old Spice,100.0,False,,
Rehana,latin,34,rehana,singleton,,rehana,Rehana,100.0,False,,
Rich Bake,latin,34,rich bake,singleton,,rich_bake,Rich Bake,100.0,False,,
Soly,latin,34,soly,singleton,,soly,Soly,100.0,False,,
Star Diet,latin,34,star diet,singleton,,star_diet,Star Diet,100.0,False,,
أولد سبيس,arabic,34,اولد سبيس,singleton,,brand_5548a7716a,أولد سبيس,100.0,False,,
ريتش باك,arabic,34,ريتش باك,singleton,,brand_f25cf509f6,ريتش باك,100.0,False,,
ريحانه,arabic,34,ريحانه,singleton,,brand_d38c66491f,ريحانه,100.0,False,,
كلاسى,arabic,34,كلاسي,singleton,,brand_4ceb94db4f,كلاسى,100.0,False,,
Abo Elseed,latin,33,abo elseed,singleton,,abo_elseed,Abo Elseed,100.0,False,,
Gliss,latin,33,gliss,singleton,,gliss,Gliss,100.0,False,,
Harpic,latin,33,harpic,singleton,,harpic,Harpic,100.0,False,,
Mitco,latin,33,mitco,singleton,,mitco,Mitco,100.0,False,,
Sensodyne,latin,33,sensodyne,singleton,,sensodyne,Sensodyne,100.0,False,,
Tank,latin,33,tank,singleton,,tank,Tank,100.0,False,,
Waritex,latin,33,waritex,singleton,,waritex,Waritex,100.0,False,,
أبوالسييد,arabic,33,ابوالسييد,singleton,,brand_f3f47d238a,أبوالسييد,100.0,False,,
تانك,arabic,33,تانك,singleton,,brand_1680951f73,تانك,100.0,False,,
جلييس,arabic,33,جلييس,singleton,,brand_423ff314ec,جلييس,100.0,False,,
سنسوداين,arabic,33,سنسوداين,singleton,,brand_f3002001dc,سنسوداين,100.0,False,,
ميتكو,arabic,33,ميتكو,singleton,,brand_8441121b25,ميتكو,100.0,False,,
هاربيك,arabic,33,هاربيك,singleton,,brand_c44c2e578b,هاربيك,100.0,False,,
واريتكس,arabic,33,واريتكس,singleton,,brand_a5a57e0ee1,واريتكس,100.0,False,,
Cook'S,latin,32,cook's,singleton,,cook_s,Cook'S,100.0,False,,
Friskies,latin,32,friskies,singleton,,friskies,Friskies,100.0,False,,
Gourmet,latin,32,gourmet,fuzzy_cluster,c20,gourmet,Gourmet,93.3,True,approve,
Lavida,latin,32,lavida,singleton,,lavida,Lavida,100.0,False,,
Rhodes,latin,32,rhodes,singleton,,rhodes,Rhodes,100.0,False,,
Sunbulah,latin,32,sunbulah,singleton,,sunbulah,Sunbulah,100.0,False,,
جرومت,arabic,32,جرومت,singleton,,brand_e0814df32e,جرومت,100.0,False,,
رودس,arabic,32,رودس,singleton,,brand_c1cbfb483e,رودس,100.0,False,,
سنبلة,arabic,32,سنبلة,singleton,,brand_2d2d863e05,سنبلة,100.0,False,,
سوفى,arabic,32,سوفي,singleton,,brand_417cd3f1bb,سوفى,100.0,False,,
فيريسكيس,arabic,32,فيريسكيس,singleton,,brand_18612c8f2b,فيريسكيس,100.0,False,,
كوكس,arabic,32,كوكس,singleton,,brand_cf7adb5b0b,كوكس,100.0,False,,
لافيدا,arabic,32,لافيدا,singleton,,brand_a5d46f63d0,لافيدا,100.0,False,,
Bom Plast,latin,31,bom plast,singleton,,bom_plast,Bom Plast,100.0,False,,
Sparkle,latin,31,sparkle,singleton,,sparkle,Sparkle,100.0,False,,
بوم بلاست,arabic,31,بوم بلاست,singleton,,brand_61f243d37d,بوم بلاست,100.0,False,,
سباركل,arabic,31,سباركل,singleton,,brand_212b45695e,سباركل,100.0,False,,
Aldoha,latin,30,aldoha,singleton,,aldoha,Aldoha,100.0,False,,
Chipsy,latin,30,chipsy,singleton,,chipsy,Chipsy,100.0,False,,
Degree,latin,30,degree,singleton,,degree,Degree,100.0,False,,
Extra,latin,30,extra,singleton,,extra,Extra,100.0,False,,
Fe,latin,30,fe,singleton,,fe,Fe,100.0,False,,
Freshly Amazing,latin,30,freshly amazing,singleton,,freshly_amazing,Freshly Amazing,100.0,False,,
Motion,latin,30,motion,singleton,,motion,Motion,100.0,False,,
Orist,latin,30,orist,singleton,,orist,Orist,100.0,False,,
Pert Plus,latin,30,pert plus,singleton,,pert_plus,Pert Plus,100.0,False,,
Richfood,latin,30,richfood,singleton,,richfood,Richfood,100.0,False,,
Silver,latin,30,silver,singleton,,silver,Silver,100.0,False,,
Star,latin,30,star,singleton,,star,Star,100.0,False,,
Summer Moon,latin,30,summer moon,singleton,,summer_moon,Summer Moon,100.0,False,,
Vebix,latin,30,vebix,singleton,,vebix,Vebix,100.0,False,,
Zamzam,latin,30,zamzam,singleton,,zamzam,Zamzam,100.0,False,,
Zumra,latin,30,zumra,singleton,,zumra,Zumra,100.0,False,,
زمزم,arabic,30,زمزم,singleton,,brand_89e07f2571,زمزم,100.0,False,,
شيبسى,arabic,30,شيبسي,singleton,,brand_25b99c32d5,شيبسى,100.0,False,,
موشن,arabic,30,موشن,singleton,,brand_589dc7e894,موشن,100.0,False,,
ميرو,arabic,30,ميرو,singleton,,brand_c93b2558c5,ميرو,100.0,False,,
ڤيبكس,arabic,30,ڤيبكس,singleton,,brand_f93e586649,ڤيبكس,100.0,False,,
Brunch,latin,29,brunch,singleton,,brunch,Brunch,100.0,False,,
Chupachups,latin,29,chupachups,singleton,,chupachups,Chupachups,100.0,False,,
Cold Stone,latin,29,cold stone,singleton,,cold_stone,Cold Stone,100.0,False,,
Glysolid,latin,29,glysolid,singleton,,glysolid,Glysolid,100.0,False,,
La Vache Qui Rit,latin,29,la vache qui rit,singleton,,la_vache_qui_rit,La Vache Qui Rit,100.0,False,,
Papia,latin,29,papia,singleton,,papia,Papia,100.0,False,,
Samsung,latin,29,samsung,singleton,,samsung,Samsung,100.0,False,,
بابيا,arabic,29,بابيا,singleton,,brand_0817d16229,بابيا,100.0,False,,
برنش,arabic,29,برنش,singleton,,brand_a6deaf4318,برنش,100.0,False,,
تشوبا تشيبس,arabic,29,تشوبا تشيبس,singleton,,brand_36c2d19ca3,تشوبا تشيبس,100.0,False,,
جليسوليد,arabic,29,جليسوليد,singleton,,brand_b158c971ab,جليسوليد,100.0,False,,
سامسونج,arabic,29,سامسونج,singleton,,brand_d9516b1dfe,سامسونج,100.0,False,,
كولد ستون,arabic,29,كولد ستون,singleton,,brand_ceaa50ed69,كولد ستون,100.0,False,,
لاڤش كيرى,arabic,29,لاڤش كيري,singleton,,brand_f86393ec02,لاڤش كيرى,100.0,False,,
Class A,latin,28,class a,singleton,,class_a,Class A,100.0,False,,
El Malika,latin,28,el malika,singleton,,el_malika,El Malika,100.0,False,,
Glade,latin,28,glade,singleton,,glade,Glade,100.0,False,,
Kiri,latin,28,kiri,singleton,,kiri,Kiri,100.0,False,,
Mc Vities,latin,28,mc vities,fuzzy_cluster,c2,mc_vities,Mc Vities,94.1,True,approve,
Royalhills,latin,28,royalhills,singleton,,royalhills,Royalhills,100.0,False,,
الوطنيه,arabic,28,الوطنيه,singleton,,brand_16e63973f8,الوطنيه,100.0,False,,
ام سى فيتيس,arabic,28,ام سي فيتيس,singleton,,brand_a7ba0da2be,ام سى فيتيس,100.0,False,,
جلاد,arabic,28,جلاد,singleton,,brand_1495d00fe0,جلاد,100.0,False,,
كيري,arabic,28,كيري,singleton,,brand_d643b26ec2,كيري,100.0,False,,
Dayem,latin,27,dayem,singleton,,dayem,Dayem,100.0,False,,
Durra,latin,27,durra,singleton,,durra,Durra,100.0,False,,
Energizer,latin,27,energizer,singleton,,energizer,Energizer,100.0,False,,
Media Tech,latin,27,media tech,singleton,,media_tech,Media Tech,100.0,False,,
Mentos,latin,27,mentos,singleton,,mentos,Mentos,100.0,False,,
Molfix,latin,27,molfix,singleton,,molfix,Molfix,100.0,False,,
اينرجيزر,arabic,27,اينرجيزر,singleton,,brand_3d8574198b,اينرجيزر,100.0,False,,
دايم,arabic,27,دايم,singleton,,brand_4e874836e5,دايم,100.0,False,,
دورا,arabic,27,دورا,singleton,,brand_d874cb357f,دورا,100.0,False,,
مولفكس,arabic,27,مولفكس,singleton,,brand_08e371e718,مولفكس,100.0,False,,
ميديا تك,arabic,27,ميديا تك,singleton,,brand_c027d03795,ميديا تك,100.0,False,,
مينتوس,arabic,27,مينتوس,singleton,,brand_2443277e42,مينتوس,100.0,False,,
Basata,latin,26,basata,singleton,,basata,Basata,100.0,False,,
California Garden,latin,26,california garden,singleton,,california_garden,California Garden,100.0,False,,
Cleano,latin,26,cleano,singleton,,cleano,Cleano,100.0,False,,
Fisherman,latin,26,fisherman,singleton,,fisherman,Fisherman,100.0,False,,
Gullon,latin,26,gullon,singleton,,gullon,Gullon,100.0,False,,
Lactel,latin,26,lactel,singleton,,lactel,Lactel,100.0,False,,
Lychee,latin,26,lychee,singleton,,lychee,Lychee,100.0,False,,
Regina,latin,26,regina,singleton,,regina,Regina,100.0,False,,
Rivoli,latin,26,rivoli,singleton,,rivoli,Rivoli,100.0,False,,
Sonbolat Elforat,latin,26,sonbolat elforat,fuzzy_cluster,c16,sonbolat_elforat,Sonbolat Elforat,90.3,True,approve,
Valor,latin,26,valor,singleton,,valor,Valor,100.0,False,,
Venus,latin,26,venus,singleton,,venus,Venus,100.0,False,,
Villars,latin,26,villars,singleton,,villars,Villars,100.0,False,,
Yumy,latin,26,yumy,singleton,,yumy,Yumy,100.0,False,,
جلوون,arabic,26,جلوون,singleton,,brand_0d8f01d523,جلوون,100.0,False,,
رجينا,arabic,26,رجينا,singleton,,brand_84b9a5595f,رجينا,100.0,False,,
ريڤولى,arabic,26,ريڤولي,singleton,,brand_34b1d3d932,ريڤولى,100.0,False,,
كاليفورنيا جاردر,arabic,26,كاليفورنيا جاردر,singleton,,brand_18410cd5bc,كاليفورنيا جاردر,100.0,False,,
لاكتيل,arabic,26,لاكتيل,singleton,,brand_08a9ea2ef3,لاكتيل,100.0,False,,
ليتشى,arabic,26,ليتشي,singleton,,brand_395dd943bd,ليتشى,100.0,False,,
ڤينوس,arabic,26,ڤينوس,singleton,,brand_db87787735,ڤينوس,100.0,False,,
Add-Me,latin,25,add-me,singleton,,add_me,Add-Me,100.0,False,,
Cheesa,latin,25,cheesa,singleton,,cheesa,Cheesa,100.0,False,,
El Marmar,latin,25,el marmar,singleton,,el_marmar,El Marmar,100.0,False,,
Green Life,latin,25,green life,fuzzy_cluster,c14,green_life,Green Life,90.0,True,reject,
Tolido,latin,25,tolido,singleton,,tolido,Tolido,100.0,False,,
Twinings,latin,25,twinings,singleton,,twinings,Twinings,100.0,False,,
Weals,latin,25,weals,singleton,,weals,Weals,100.0,False,,
ادد-مي,arabic,25,ادد-مي,singleton,,brand_46054fc2eb,ادد-مي,100.0,False,,
المرمر,arabic,25,المرمر,singleton,,brand_860ce471e5,المرمر,100.0,False,,
تشيزا,arabic,25,تشيزا,singleton,,brand_d6de55efd4,تشيزا,100.0,False,,
توليدو,arabic,25,توليدو,singleton,,brand_c17e6a0af4,توليدو,100.0,False,,
تويننيج,arabic,25,تويننيج,singleton,,brand_ed7354e829,تويننيج,100.0,False,,
جرين لايف,arabic,25,جرين لايف,singleton,,brand_627648e667,جرين لايف,100.0,False,,
ويلز,arabic,25,ويلز,singleton,,brand_40f35e9bb6,ويلز,100.0,False,,
Basma,latin,24,basma,singleton,,basma,Basma,100.0,False,,
Biscato,latin,24,biscato,singleton,,biscato,Biscato,100.0,False,,
Finish,latin,24,finish,singleton,,finish,Finish,100.0,False,,
Fresh Days,latin,24,fresh days,singleton,,fresh_days,Fresh Days,100.0,False,,
Herbal,latin,24,herbal,singleton,,herbal,Herbal,100.0,False,,
Holw El Sham,latin,24,holw el sham,singleton,,holw_el_sham,Holw El Sham,100.0,False,,
Kikoman,latin,24,kikoman,singleton,,kikoman,Kikoman,100.0,False,,
Maram,latin,24,maram,singleton,,maram,Maram,100.0,False,,
Nouval S/S,latin,24,nouval s/s,singleton,,nouval_s_s,Nouval S/S,100.0,False,,
Palmolive,latin,24,palmolive,singleton,,palmolive,Palmolive,100.0,False,,
Rose,latin,24,rose,singleton,,rose,Rose,100.0,False,,
Sea Star,latin,24,sea star,singleton,,sea_star,Sea Star,100.0,False,,
Today,latin,24,today,singleton,,today,Today,100.0,False,,
بالم اوليڤ,arabic,24,بالم اوليڤ,singleton,,brand_96a8787504,بالم اوليڤ,100.0,False,,
بسمة,arabic,24,بسمة,singleton,,brand_4ce61e5792,بسمة,100.0,False,,
بيسكاتو,arabic,24,بيسكاتو,singleton,,brand_c0e2fea99e,بيسكاتو,100.0,False,,
حلو الشام,arabic,24,حلو الشام,singleton,,brand_3a7f4b483f,حلو الشام,100.0,False,,
فينش,arabic,24,فينش,singleton,,brand_9cde8c78f1,فينش,100.0,False,,
مرام,arabic,24,مرام,singleton,,brand_39e3e38bbd,مرام,100.0,False,,
هيربل,arabic,24,هيربل,singleton,,brand_efcdf918d9,هيربل,100.0,False,,
Banat,latin,23,banat,singleton,,banat,Banat,100.0,False,,
Covertina,latin,23,covertina,singleton,,covertina,Covertina,100.0,False,,
بنات,arabic,23,بنات,singleton,,brand_c23810bbcd,بنات,100.0,False,,
كوفرتينا,arabic,23,كوفرتينا,singleton,,brand_271a8a4521,كوفرتينا,100.0,False,,
Benson,latin,22,benson,singleton,,benson,Benson,100.0,False,,
Close Up,latin,22,close up,singleton,,close_up,Close Up,100.0,False,,
Dili,latin,22,dili,singleton,,dili,Dili,100.0,False,,
Elabd,latin,22,elabd,singleton,,elabd,Elabd,100.0,False,,
Elshamadan,latin,22,elshamadan,singleton,,elshamadan,Elshamadan,100.0,False,,
Flory,latin,22,flory,singleton,,flory,Flory,100.0,False,,
Fora,latin,22,fora,singleton,,fora,Fora,100.0,False,,
Giardino,latin,22,giardino,singleton,,giardino,Giardino,100.0,False,,
Green Land,latin,22,green land,singleton,,green_land,Green Land,100.0,False,,
Harvest,latin,22,harvest,singleton,,harvest,Harvest,100.0,False,,
Lamar,latin,22,lamar,singleton,,lamar,Lamar,100.0,False,,
Molto,latin,22,molto,singleton,,molto,Molto,100.0,False,,
Schweppes,latin,22,schweppes,singleton,,schweppes,Schweppes,100.0,False,,
Sea Cube,latin,22,sea cube,singleton,,sea_cube,Sea Cube,100.0,False,,
الشمعدان,arabic,22,الشمعدان,singleton,,brand_6f75ee7c8e,الشمعدان,100.0,False,,
العبد,arabic,22,العبد,singleton,,brand_7af78531b2,العبد,100.0,False,,
جرين لاند,arabic,22,جرين لاند,singleton,,brand_15c20cda44,جرين لاند,100.0,False,,
جيرادينو,arabic,22,جيرادينو,singleton,,brand_9bd72062aa,جيرادينو,100.0,False,,
ديلى,arabic,22,ديلي,singleton,,brand_b241c740f3,ديلى,100.0,False,,
سى كوب,arabic,22,سي كوب,singleton,,brand_e2b899c1e6,سى كوب,100.0,False,,
شويبس,arabic,22,شويبس,singleton,,brand_9c96407571,شويبس,100.0,False,,
فلورى,arabic,22,فلوري,singleton,,brand_2c79c874b8,فلورى,100.0,False,,
كلوز اب,arabic,22,كلوز اب,singleton,,brand_73281775ab,كلوز اب,100.0,False,,
لمار,arabic,22,لمار,singleton,,brand_ab57a663e8,لمار,100.0,False,,
مولتو,arabic,22,مولتو,singleton,,brand_5b85f03b08,مولتو,100.0,False,,
هارفست,arabic,22,هارفست,singleton,,brand_644801d304,هارفست,100.0,False,,
Brix,latin,21,brix,singleton,,brix,Brix,100.0,False,,
Haribo,latin,21,haribo,singleton,,haribo,Haribo,100.0,False,,
Italiano,latin,21,italiano,singleton,,italiano,Italiano,100.0,False,,
Meatland,latin,21,meatland,singleton,,meatland,Meatland,100.0,False,,
Rashidi Mizan,latin,21,rashidi mizan,singleton,,rashidi_mizan,Rashidi Mizan,100.0,False,,
ايطاليانو,arabic,21,ايطاليانو,singleton,,brand_ea9b1d30f4,ايطاليانو,100.0,False,,
بريكس,arabic,21,بريكس,singleton,,brand_a0564c00fb,بريكس,100.0,False,,
رشيدى الميزان,arabic,21,رشيدي الميزان,singleton,,brand_0c8ff8716b,رشيدى الميزان,100.0,False,,
ميتلاند,arabic,21,ميتلاند,singleton,,brand_055e4f7936,ميتلاند,100.0,False,,
هاريبو,arabic,21,هاريبو,singleton,,brand_1461cb6684,هاريبو,100.0,False,,
Alattar,latin,20,alattar,singleton,,alattar,Alattar,100.0,False,,
Beyti,latin,20,beyti,singleton,,beyti,Beyti,100.0,False,,
Cairo,latin,20,cairo,singleton,,cairo,Cairo,100.0,False,,
Casanova,latin,20,casanova,singleton,,casanova,Casanova,100.0,False,,
Corona,latin,20,corona,singleton,,corona,Corona,100.0,False,,
Farmer'S,latin,20,farmer's,singleton,,farmer_s,Farmer'S,100.0,False,,
Freee,latin,20,freee,singleton,,freee,Freee,100.0,False,,
Givrex,latin,20,givrex,singleton,,givrex,Givrex,100.0,False,,
Lametna,latin,20,lametna,singleton,,lametna,Lametna,100.0,False,,
Maggi,latin,20,maggi,singleton,,maggi,Maggi,100.0,False,,
Man Look,latin,20,man look,singleton,,man_look,Man Look,100.0,False,,
Masa,latin,20,masa,singleton,,masa,Masa,100.0,False,,
Masreya,latin,20,masreya,singleton,,masreya,Masreya,100.0,False,,
Nescafe,latin,20,nescafe,singleton,,nescafe,Nescafe,100.0,False,,
Oreo,latin,20,oreo,singleton,,oreo,Oreo,100.0,False,,
Suave,latin,20,suave,singleton,,suave,Suave,100.0,False,,
Superfoods,latin,20,superfoods,singleton,,superfoods,Superfoods,100.0,False,,
Taste Pure,latin,20,taste pure,singleton,,taste_pure,Taste Pure,100.0,False,,
العطار,arabic,20,العطار,singleton,,brand_585b66b4ef,العطار,100.0,False,,
اوريو,arabic,20,اوريو,singleton,,brand_84173ba484,اوريو,100.0,False,,
بيتى,arabic,20,بيتي,singleton,,brand_88b3fcabcd,بيتى,100.0,False,,
تست بيور,arabic,20,تست بيور,singleton,,brand_58ef5f31ef,تست بيور,100.0,False,,
جيفركس,arabic,20,جيفركس,singleton,,brand_3337d4235f,جيفركس,100.0,False,,
سوبر فودز,arabic,20,سوبر فودز,singleton,,brand_a33167710f,سوبر فودز,100.0,False,,
كورونا,arabic,20,كورونا,singleton,,brand_3113534f85,كورونا,100.0,False,,
لمتنا,arabic,20,لمتنا,singleton,,brand_505b5f0f5c,لمتنا,100.0,False,,
ماجى,arabic,20,ماجي,singleton,,brand_4464f461c4,ماجى,100.0,False,,
مان لوك,arabic,20,مان لوك,singleton,,brand_dfeb398e5e,مان لوك,100.0,False,,
مصريه,arabic,20,مصريه,singleton,,brand_e209072b82,مصريه,100.0,False,,
نسكافيه,arabic,20,نسكافيه,singleton,,brand_98f2586fd4,نسكافيه,100.0,False,,
Bake Rolz,latin,19,bake rolz,singleton,,bake_rolz,Bake Rolz,100.0,False,,
Barilla,latin,19,barilla,singleton,,barilla,Barilla,100.0,False,,
Bebem,latin,19,bebem,singleton,,bebem,Bebem,100.0,False,,
Dabur Amla,latin,19,dabur amla,singleton,,dabur_amla,Dabur Amla,100.0,False,,
Elvan,latin,19,elvan,singleton,,elvan,Elvan,100.0,False,,
Freska,latin,19,freska,singleton,,freska,Freska,100.0,False,,
Lipton,latin,19,lipton,singleton,,lipton,Lipton,100.0,False,,
Pantene,latin,19,pantene,singleton,,pantene,Pantene,100.0,False,,
Smart,latin,19,smart,singleton,,smart,Smart,100.0,False,,
Temry,latin,19,temry,singleton,,temry,Temry,100.0,False,,
ايلفان,arabic,19,ايلفان,singleton,,brand_ae2c0b86e4,ايلفان,100.0,False,,
بانتين,arabic,19,بانتين,singleton,,brand_569540d3ac,بانتين,100.0,False,,
بيبيم,arabic,19,بيبيم,singleton,,brand_0c15a4b8eb,بيبيم,100.0,False,,
بيرلا,arabic,19,بيرلا,singleton,,brand_6ba3765e60,بيرلا,100.0,False,,
بيك رولز,arabic,19,بيك رولز,singleton,,brand_e7980657d5,بيك رولز,100.0,False,,
تمرى,arabic,19,تمري,singleton,,brand_62ef67130d,تمرى,100.0,False,,
دابر املا,arabic,19,دابر املا,singleton,,brand_2cef29f744,دابر املا,100.0,False,,
سمارت,arabic,19,سمارت,singleton,,brand_571341085b,سمارت,100.0,False,,
فريسكا,arabic,19,فريسكا,singleton,,brand_e51bd857c4,فريسكا,100.0,False,,
ليبتون,arabic,19,ليبتون,singleton,,brand_726134baa2,ليبتون,100.0,False,,
AMR,latin,18,amr,singleton,,amr,AMR,100.0,False,,
Arabian,latin,18,arabian,singleton,,arabian,Arabian,100.0,False,,
Ariel,latin,18,ariel,singleton,,ariel,Ariel,100.0,False,,
Bloom,latin,18,bloom,singleton,,bloom,Bloom,100.0,False,,
Bravo,latin,18,bravo,singleton,,bravo,Bravo,100.0,False,,
Break,latin,18,break,singleton,,break,Break,100.0,False,,
Camay,latin,18,camay,singleton,,camay,Camay,100.0,False,,
Crunchy,latin,18,crunchy,singleton,,crunchy,Crunchy,100.0,False,,
Dream,latin,18,dream,singleton,,dream,Dream,100.0,False,,
El Watania,latin,18,el watania,fuzzy_cluster,c13,el_watania,El Watania,90.0,True,approve,
Farm Cheese,latin,18,farm cheese,singleton,,farm_cheese,Farm Cheese,100.0,False,,
Kamil,latin,18,kamil,singleton,,kamil,Kamil,100.0,False,,
Kellogg`S,latin,18,kellogg`s,singleton,,kellogg_s,Kellogg`S,100.0,False,,
Leady Speed,latin,18,leady speed,singleton,,leady_speed,Leady Speed,100.0,False,,
Olio,latin,18,olio,singleton,,olio,Olio,100.0,False,,
Purina,latin,18,purina,singleton,,purina,Purina,100.0,False,,
Sekem,latin,18,sekem,singleton,,sekem,Sekem,100.0,False,,
The Best,latin,18,the best,singleton,,the_best,The Best,100.0,False,,
اريال,arabic,18,اريال,singleton,,brand_e45ee010c9,اريال,100.0,False,,
اوليو,arabic,18,اوليو,singleton,,brand_a6f23505ce,اوليو,100.0,False,,
بريل,arabic,18,بريل,singleton,,brand_7ec45544a8,بريل,100.0,False,,
بورينا,arabic,18,بورينا,singleton,,brand_f1e3d8a3c3,بورينا,100.0,False,,
سيكيم,arabic,18,سيكيم,singleton,,brand_eba5035543,سيكيم,100.0,False,,
فارم تشيز,arabic,18,فارم تشيز,singleton,,brand_e63aab637a,فارم تشيز,100.0,False,,
كامى,arabic,18,كامي,singleton,,brand_85da25bf87,كامى,100.0,False,,
كرانشى,arabic,18,كرانشي,singleton,,brand_baa9e709f2,كرانشى,100.0,False,,
كيلوجوز,arabic,18,كيلوجوز,singleton,,brand_e52a04cddb,كيلوجوز,100.0,False,,
ليدى سبيد,arabic,18,ليدي سبيد,singleton,,brand_e4686dee51,ليدى سبيد,100.0,False,,
American Garden,latin,17,american garden,singleton,,american_garden,American Garden,100.0,False,,
Borcam,latin,17,borcam,singleton,,borcam,Borcam,100.0,False,,
Cheetos,latin,17,cheetos,singleton,,cheetos,Cheetos,100.0,False,,
Elleheimy,latin,17,elleheimy,singleton,,elleheimy,Elleheimy,100.0,False,,
Granoro,latin,17,granoro,singleton,,granoro,Granoro,100.0,False,,
Ilou,latin,17,ilou,singleton,,ilou,Ilou,100.0,False,,
Teama Milk,latin,17,teama milk,singleton,,teama_milk,Teama Milk,100.0,False,,
Yamama,latin,17,yamama,singleton,,yamama,Yamama,100.0,False,,
اللحيمى,arabic,17,اللحيمي,singleton,,brand_da47865a71,اللحيمى,100.0,False,,
امريكان جاردن,arabic,17,امريكان جاردن,singleton,,brand_bdfe13b92e,امريكان جاردن,100.0,False,,
بروكام,arabic,17,بروكام,singleton,,brand_45083d97fe,بروكام,100.0,False,,
جرانورو,arabic,17,جرانورو,singleton,,brand_ad9896d4aa,جرانورو,100.0,False,,
شيتوس,arabic,17,شيتوس,singleton,,brand_1a1787e8ed,شيتوس,100.0,False,,
طعمه ميلك,arabic,17,طعمه ميلك,singleton,,brand_0028060d3c,طعمه ميلك,100.0,False,,
للوو,arabic,17,للوو,singleton,,brand_329dd33d88,للوو,100.0,False,,
يمامة,arabic,17,يمامة,singleton,,brand_6aa3305b9f,يمامة,100.0,False,,
Al Wahaa,latin,16,al wahaa,singleton,,al_wahaa,Al Wahaa,100.0,False,,
Bahlsen,latin,16,bahlsen,singleton,,bahlsen,Bahlsen,100.0,False,,
Boo,latin,16,boo,singleton,,boo,Boo,100.0,False,,
Calnort,latin,16,calnort,singleton,,calnort,Calnort,100.0,False,,
Chiketeta,latin,16,chiketeta,singleton,,chiketeta,Chiketeta,100.0,False,,
Divatoll,latin,16,divatoll,singleton,,divatoll,Divatoll,100.0,False,,
E Keratin,latin,16,e keratin,singleton,,e_keratin,E Keratin,100.0,False,,
Fax,latin,16,fax,singleton,,fax,Fax,100.0,False,,
Green,latin,16,green,singleton,,green,Green,100.0,False,,
Hawaa,latin,16,hawaa,singleton,,hawaa,Hawaa,100.0,False,,
Hui,latin,16,hui,singleton,,hui,Hui,100.0,False,,
Mcvities,latin,16,mcvities,fuzzy_cluster,c2,mc_vities,Mc Vities,94.1,True,approve,
Miraxx,latin,16,miraxx,fuzzy_cluster,c12,miraxx,Miraxx,90.9,True,approve,
Montana,latin,16,montana,singleton,,montana,Montana,100.0,False,,
Munchi,latin,16,munchi,singleton,,munchi,Munchi,100.0,False,,
My Meat,latin,16,my meat,singleton,,my_meat,My Meat,100.0,False,,
Palmer's,latin,16,palmer's,singleton,,palmer_s,Palmer's,100.0,False,,
Pretzo,latin,16,pretzo,singleton,,pretzo,Pretzo,100.0,False,,
Pril,latin,16,pril,singleton,,pril,Pril,100.0,False,,
Private,latin,16,private,singleton,,private,Private,100.0,False,,
Safe To Go,latin,16,safe to go,singleton,,safe_to_go,Safe To Go,100.0,False,,
Spisy,latin,16,spisy,singleton,,spisy,Spisy,100.0,False,,
Sweet&Slim,latin,16,sweet&slim,singleton,,sweet_slim,Sweet&Slim,100.0,False,,
Swiss Choice,latin,16,swiss choice,singleton,,swiss_choice,Swiss Choice,100.0,False,,
Venecia,latin,16,venecia,singleton,,venecia,Venecia,100.0,False,,
الواحه,arabic,16,الواحه,singleton,,brand_0cad3e207d,الواحه,100.0,False,,
بالسين,arabic,16,بالسين,singleton,,brand_e876e4ed90,بالسين,100.0,False,,
بالمرز,arabic,16,بالمرز,singleton,,brand_f19334c1ae,بالمرز,100.0,False,,
برايڤت,arabic,16,برايڤت,singleton,,brand_99a273bb5c,برايڤت,100.0,False,,
جرين,arabic,16,جرين,singleton,,brand_d0121e4a97,جرين,100.0,False,,
حواء,arabic,16,حواء,singleton,,brand_074b5b1165,حواء,100.0,False,,
سويت&سليم,arabic,16,سويت&سليم,singleton,,brand_a7b81e5fea,سويت&سليم,100.0,False,,
سويس شويس,arabic,16,سويس شويس,singleton,,brand_7d26157442,سويس شويس,100.0,False,,
شيكيتيتا,arabic,16,شيكيتيتا,singleton,,brand_3a687c4d02,شيكيتيتا,100.0,False,,
كلنورت,arabic,16,كلنورت,singleton,,brand_3fab33988c,كلنورت,100.0,False,,
مونتانا,arabic,16,مونتانا,singleton,,brand_d5e8e36606,مونتانا,100.0,False,,
هوي,arabic,16,هوي,singleton,,brand_cdbd27b609,هوي,100.0,False,,
Agnesi,latin,15,agnesi,singleton,,agnesi,Agnesi,100.0,False,,
Dr.Life,latin,15,dr.life,singleton,,dr_life,Dr.Life,100.0,False,,
Mero,latin,15,mero,singleton,,mero,Mero,100.0,False,,
Miro,latin,15,miro,singleton,,miro,Miro,100.0,False,,
Omelette,latin,15,omelette,singleton,,omelette,Omelette,100.0,False,,
Queen,latin,15,queen,singleton,,queen,Queen,100.0,False,,
Reef,latin,15,reef,singleton,,reef,Reef,100.0,False,,
اجنسى,arabic,15,اجنسي,singleton,,brand_4ba8532b1e,اجنسى,100.0,False,,
اميليتى,arabic,15,اميليتي,singleton,,brand_4c0886102e,اميليتى,100.0,False,,
د.ليف,arabic,15,د.ليف,singleton,,brand_aaecc4894b,د.ليف,100.0,False,,
ريف,arabic,15,ريف,singleton,,brand_827fcf0dc8,ريف,100.0,False,,
كوين,arabic,15,كوين,singleton,,brand_f05359078e,كوين,100.0,False,,
Adam+Hawaa,latin,14,adam+hawaa,singleton,,adam_hawaa,Adam+Hawaa,100.0,False,,
Beauty,latin,14,beauty,singleton,,beauty,Beauty,100.0,False,,
Cooker,latin,14,cooker,singleton,,cooker,Cooker,100.0,False,,
Damfi,latin,14,damfi,singleton,,damfi,Damfi,100.0,False,,
Davidoff,latin,14,davidoff,singleton,,davidoff,Davidoff,100.0,False,,
El Batreek,latin,14,el batreek,singleton,,el_batreek,El Batreek,100.0,False,,
Elmatbakh Elmasry,latin,14,elmatbakh elmasry,fuzzy_cluster,c23,elmatbakh_elmasry,Elmatbakh Elmasry,93.8,True,approve,
Esnad,latin,14,esnad,singleton,,esnad,Esnad,100.0,False,,
Fast,latin,14,fast,singleton,,fast,Fast,100.0,False,,
Fine Baby,latin,14,fine baby,singleton,,fine_baby,Fine Baby,100.0,False,,
Five Stars,latin,14,five stars,singleton,,five_stars,Five Stars,100.0,False,,
Fruty,latin,14,fruty,fuzzy_cluster,c24,fruty,Fruty,90.9,True,approve,
Grandi,latin,14,grandi,singleton,,grandi,Grandi,100.0,False,,
Hafsa,latin,14,hafsa,singleton,,hafsa,Hafsa,100.0,False,,
Himalaya,latin,14,himalaya,singleton,,himalaya,Himalaya,100.0,False,,
Mehran,latin,14,mehran,singleton,,mehran,Mehran,100.0,False,,
Mirinda,latin,14,mirinda,singleton,,mirinda,Mirinda,100.0,False,,
Ocean Bites,latin,14,ocean bites,singleton,,ocean_bites,Ocean Bites,100.0,False,,
Philips,latin,14,philips,singleton,,philips,Philips,100.0,False,,
Sofra,latin,14,sofra,singleton,,sofra,Sofra,100.0,False,,
Taw Taw,latin,14,taw taw,singleton,,taw_taw,Taw Taw,100.0,False,,
Tik Tik,latin,14,tik tik,singleton,,tik_tik,Tik Tik,100.0,False,,
Tipo,latin,14,tipo,singleton,,tipo,Tipo,100.0,False,,
Tricheup,latin,14,tricheup,fuzzy_cluster,c15,tricheup,Tricheup,93.3,True,approve,
Ulker,latin,14,ulker,singleton,,ulker,Ulker,100.0,False,,
Vidal,latin,14,vidal,singleton,,vidal,Vidal,100.0,False,,
Vital Care,latin,14,vital care,singleton,,vital_care,Vital Care,100.0,False,,
Yummy,latin,14,yummy,singleton,,yummy,Yummy,100.0,False,,
آدم +حواء,arabic,14,ادم +حواء,singleton,,brand_d9b62c3c5f,آدم +حواء,100.0,False,,
اولكر,arabic,14,اولكر,singleton,,brand_b46478f257,اولكر,100.0,False,,
جراندى,arabic,14,جراندي,singleton,,brand_e9f4b1daef,جراندى,100.0,False,,
حفصه,arabic,14,حفصه,singleton,,brand_61f00b5665,حفصه,100.0,False,,
دامفى,arabic,14,دامفي,singleton,,brand_2755fe16fa,دامفى,100.0,False,,
فاين بابي,arabic,14,فاين بابي,singleton,,brand_0c743a5961,فاين بابي,100.0,False,,
فيليبس,arabic,14,فيليبس,singleton,,brand_196bcfbdb6,فيليبس,100.0,False,,
ميرندا,arabic,14,ميرندا,singleton,,brand_e2a33df0f3,ميرندا,100.0,False,,
هيمالايا,arabic,14,هيمالايا,singleton,,brand_960703f8a4,هيمالايا,100.0,False,,
يامي,arabic,14,يامي,singleton,,brand_3993a66335,يامي,100.0,False,,
Basak,latin,13,basak,singleton,,basak,Basak,100.0,False,,
Borges,latin,13,borges,singleton,,borges,Borges,100.0,False,,
Fanta,latin,13,fanta,singleton,,fanta,Fanta,100.0,False,,
Homi,latin,13,homi,singleton,,homi,Homi,100.0,False,,
Long Chips,latin,13,long chips,singleton,,long_chips,Long Chips,100.0,False,,
Shave Code,latin,13,shave code,singleton,,shave_code,Shave Code,100.0,False,,
Shicketita,latin,13,shicketita,singleton,,shicketita,Shicketita,100.0,False,,
Skittles,latin,13,skittles,singleton,,skittles,Skittles,100.0,False,,
Sprinkle,latin,13,sprinkle,singleton,,sprinkle,Sprinkle,100.0,False,,
Sun Top,latin,13,sun top,singleton,,sun_top,Sun Top,100.0,False,,
Tiger,latin,13,tiger,singleton,,tiger,Tiger,100.0,False,,
Vanish,latin,13,vanish,singleton,,vanish,Vanish,100.0,False,,
باساك,arabic,13,باساك,singleton,,brand_99e78d7f08,باساك,100.0,False,,
بورجس,arabic,13,بورجس,singleton,,brand_4f118043d5,بورجس,100.0,False,,
تايجر,arabic,13,تايجر,singleton,,brand_c11bc15097,تايجر,100.0,False,,
سبرينكل,arabic,13,سبرينكل,singleton,,brand_66bfb85091,سبرينكل,100.0,False,,
سكيتلز,arabic,13,سكيتلز,singleton,,brand_73288e77f6,سكيتلز,100.0,False,,
سن توب,arabic,13,سن توب,singleton,,brand_a9c64fb861,سن توب,100.0,False,,
شاف كود,arabic,13,شاف كود,singleton,,brand_3e6524ed53,شاف كود,100.0,False,,
شيكتاتا,arabic,13,شيكتاتا,singleton,,brand_2eab669012,شيكتاتا,100.0,False,,
فانتا,arabic,13,فانتا,singleton,,brand_33e8f885c0,فانتا,100.0,False,,
لونج تشابس,arabic,13,لونج تشابس,singleton,,brand_5a18309a64,لونج تشابس,100.0,False,,
هومى,arabic,13,هومي,singleton,,brand_e72bdf3288,هومى,100.0,False,,
ڤانيش,arabic,13,ڤانيش,singleton,,brand_f7b80ed027,ڤانيش,100.0,False,,
Alaseal,latin,12,alaseal,singleton,,alaseal,Alaseal,100.0,False,,
Baby Joy,latin,12,baby joy,singleton,,baby_joy,Baby Joy,100.0,False,,
Bingoo,latin,12,bingoo,fuzzy_cluster,c11,bingoo,Bingoo,90.9,True,approve,
Cif,latin,12,cif,singleton,,cif,Cif,100.0,False,,
Dolphin,latin,12,dolphin,singleton,,dolphin,Dolphin,100.0,False,,
Egyptian Gardens,latin,12,egyptian gardens,singleton,,egyptian_gardens,Egyptian Gardens,100.0,False,,
Elarab,latin,12,elarab,singleton,,elarab,Elarab,100.0,False,,
Fema,latin,12,fema,singleton,,fema,Fema,100.0,False,,
Freymas,latin,12,freymas,singleton,,freymas,Freymas,100.0,False,,
Hohos,latin,12,hohos,singleton,,hohos,Hohos,100.0,False,,
Hoover,latin,12,hoover,singleton,,hoover,Hoover,100.0,False,,
Ion,latin,12,ion,singleton,,ion,Ion,100.0,False,,
Labanita,latin,12,labanita,singleton,,labanita,Labanita,100.0,False,,
Ludwik,latin,12,ludwik,singleton,,ludwik,Ludwik,100.0,False,,
Magic,latin,12,magic,singleton,,magic,Magic,100.0,False,,
Millers,latin,12,millers,fuzzy_cluster,c18,millers,Millers,93.3,True,approve,
Nandos,latin,12,nandos,singleton,,nandos,Nandos,100.0,False,,
Puidor,latin,12,puidor,singleton,,puidor,Puidor,100.0,False,,
Ratan Home,latin,12,ratan home,singleton,,ratan_home,Ratan Home,100.0,False,,
Rawaby,latin,12,rawaby,singleton,,rawaby,Rawaby,100.0,False,,
Slite,latin,12,slite,singleton,,slite,Slite,100.0,False,,
Sofy,latin,12,sofy,singleton,,sofy,Sofy,100.0,False,,
Starbucks,latin,12,starbucks,singleton,,starbucks,Starbucks,100.0,False,,
Tide,latin,12,tide,singleton,,tide,Tide,100.0,False,,
Tilda,latin,12,tilda,singleton,,tilda,Tilda,100.0,False,,
Trichup,latin,12,trichup,fuzzy_cluster,c15,tricheup,Tricheup,93.3,True,approve,
Viaggio,latin,12,viaggio,singleton,,viaggio,Viaggio,100.0,False,,
Vimto,latin,12,vimto,singleton,,vimto,Vimto,100.0,False,,
Xtra,latin,12,xtra,singleton,,xtra,Xtra,100.0,False,,
الاسيل,arabic,12,الاسيل,singleton,,brand_312bedfc40,الاسيل,100.0,False,,
ايون,arabic,12,ايون,singleton,,brand_829582ea07,ايون,100.0,False,,
بويدور,arabic,12,بويدور,singleton,,brand_959fa47869,بويدور,100.0,False,,
بيبي جوي,arabic,12,بيبي جوي,singleton,,brand_a85a17993c,بيبي جوي,100.0,False,,
تايد,arabic,12,تايد,singleton,,brand_ffe8599efe,تايد,100.0,False,,
تريشوب,arabic,12,تريشوب,singleton,,brand_d557055bc5,تريشوب,100.0,False,,
دولفين,arabic,12,دولفين,singleton,,brand_70d1937c6f,دولفين,100.0,False,,
ستارباكس,arabic,12,ستارباكس,singleton,,brand_0708ed2aad,ستارباكس,100.0,False,,
سيف,arabic,12,سيف,singleton,,brand_a20d192b8c,سيف,100.0,False,,
فريماس,arabic,12,فريماس,singleton,,brand_09e2c296c8,فريماس,100.0,False,,
فيمتو,arabic,12,فيمتو,singleton,,brand_ae8be4b34a,فيمتو,100.0,False,,
لبنيتا,arabic,12,لبنيتا,singleton,,brand_6c6e7f4080,لبنيتا,100.0,False,,
لودويك,arabic,12,لودويك,singleton,,brand_db97a540ee,لودويك,100.0,False,,
ناندوس,arabic,12,ناندوس,singleton,,brand_a3b94f6e57,ناندوس,100.0,False,,
هوهوز,arabic,12,هوهوز,singleton,,brand_8c7c7de9ac,هوهوز,100.0,False,,
هوڤر,arabic,12,هوڤر,singleton,,brand_6ccc129de6,هوڤر,100.0,False,,
ڤياجو,arabic,12,ڤياجو,singleton,,brand_2ff53369c9,ڤياجو,100.0,False,,
Aloe Eva,latin,11,aloe eva,singleton,,aloe_eva,Aloe Eva,100.0,False,,
Beauty Formulas,latin,11,beauty formulas,singleton,,beauty_formulas,Beauty Formulas,100.0,False,,
Crest,latin,11,crest,singleton,,crest,Crest,100.0,False,,
Drakon,latin,11,drakon,singleton,,drakon,Drakon,100.0,False,,
Eveready,latin,11,eveready,singleton,,eveready,Eveready,100.0,False,,
Farm Frites,latin,11,farm frites,singleton,,farm_frites,Farm Frites,100.0,False,,
Gondol,latin,11,gondol,singleton,,gondol,Gondol,100.0,False,,
Just Fresh,latin,11,just fresh,singleton,,just_fresh,Just Fresh,100.0,False,,
Mc Sauce,latin,11,mc sauce,singleton,,mc_sauce,Mc Sauce,100.0,False,,
Mojo,latin,11,mojo,singleton,,mojo,Mojo,100.0,False,,
Mora,latin,11,mora,singleton,,mora,Mora,100.0,False,,
Moulinex,latin,11,moulinex,singleton,,moulinex,Moulinex,100.0,False,,
Pepsi,latin,11,pepsi,singleton,,pepsi,Pepsi,100.0,False,,
Schwartz,latin,11,schwartz,singleton,,schwartz,Schwartz,100.0,False,,
Snickers,latin,11,snickers,singleton,,snickers,Snickers,100.0,False,,
Spysi,latin,11,spysi,singleton,,spysi,Spysi,100.0,False,,
الحلوب,arabic,11,الحلوب,singleton,,brand_0defbb95e3,الحلوب,100.0,False,,
الو ايڤا,arabic,11,الو ايڤا,singleton,,brand_fd9b9cbaa5,الو ايڤا,100.0,False,,
ام سى صوص,arabic,11,ام سي صوص,singleton,,brand_df03b7bda1,ام سى صوص,100.0,False,,
ايفر ردى,arabic,11,ايفر ردي,singleton,,brand_d89592a852,ايفر ردى,100.0,False,,
بيبسي,arabic,11,بيبسي,singleton,,brand_22ea6861c2,بيبسي,100.0,False,,
بيوتى فورمولز,arabic,11,بيوتي فورمولز,singleton,,brand_6897bd61fa,بيوتى فورمولز,100.0,False,,
جاست فريش,arabic,11,جاست فريش,singleton,,brand_f8c9e7fe9a,جاست فريش,100.0,False,,
جوندول,arabic,11,جوندول,singleton,,brand_85782b38bf,جوندول,100.0,False,,
دراكون,arabic,11,دراكون,singleton,,brand_1b80322d15,دراكون,100.0,False,,
سبيسى,arabic,11,سبيسي,singleton,,brand_7644a9c74a,سبيسى,100.0,False,,
سنيكرز,arabic,11,سنيكرز,singleton,,brand_9a3c956fec,سنيكرز,100.0,False,,
شوارتز,arabic,11,شوارتز,singleton,,brand_dac7af844c,شوارتز,100.0,False,,
فارم فريتس,arabic,11,فارم فريتس,singleton,,brand_d3db2dab66,فارم فريتس,100.0,False,,
كرست,arabic,11,كرست,singleton,,brand_87b59e3b94,كرست,100.0,False,,
موجو,arabic,11,موجو,singleton,,brand_de947ef8ad,موجو,100.0,False,,
مورا,arabic,11,مورا,singleton,,brand_7c7f44cae4,مورا,100.0,False,,
مولنيكس,arabic,11,مولنيكس,singleton,,brand_b429eaedcc,مولنيكس,100.0,False,,
Al Watania,latin,10,al watania,fuzzy_cluster,c13,el_watania,El Watania,90.0,True,approve,
Alshifaa,latin,10,alshifaa,singleton,,alshifaa,Alshifaa,100.0,False,,
Arm+Hammer,latin,10,arm+hammer,singleton,,arm_hammer,Arm+Hammer,100.0,False,,
Astonish,latin,10,astonish,singleton,,astonish,Astonish,100.0,False,,
Bekhairo,latin,10,bekhairo,singleton,,bekhairo,Bekhairo,100.0,False,,
Bonbons,latin,10,bonbons,fuzzy_cluster,c27,bonbons,Bonbons,93.3,True,approve,
Camill,latin,10,camill,singleton,,camill,Camill,100.0,False,,
Cook Oble,latin,10,cook oble,singleton,,cook_oble,Cook Oble,100.0,False,,
Costa,latin,10,costa,singleton,,costa,Costa,100.0,False,,
Egyptian Roll,latin,10,egyptian roll,singleton,,egyptian_roll,Egyptian Roll,100.0,False,,
El Arosa,latin,10,el arosa,singleton,,el_arosa,El Arosa,100.0,False,,
Enchanteur,latin,10,enchanteur,fuzzy_cluster,c21,enchanteur,Enchanteur,94.7,True,approve,
Fighter Flash,latin,10,fighter flash,singleton,,fighter_flash,Fighter Flash,100.0,False,,
Fricou,latin,10,fricou,singleton,,fricou,Fricou,100.0,False,,
Fridal,latin,10,fridal,fuzzy_cluster,c9,frida,Frida,90.9,True,approve,
Gebnety,latin,10,gebnety,singleton,,gebnety,Gebnety,100.0,False,,
Good France,latin,10,good france,singleton,,good_france,Good France,100.0,False,,
Gourmett,latin,10,gourmett,fuzzy_cluster,c20,gourmet,Gourmet,93.3,True,approve,
Ion Break,latin,10,ion break,singleton,,ion_break,Ion Break,100.0,False,,
Kinder,latin,10,kinder,singleton,,kinder,Kinder,100.0,False,,
Live Green,latin,10,live green,fuzzy_cluster,c14,green_life,Green Life,90.0,True,reject,
Luxe,latin,10,luxe,singleton,,luxe,Luxe,100.0,False,,
M&M,latin,10,m&m,singleton,,m_m,M&M,100.0,False,,
Magic Moments,latin,10,magic moments,singleton,,magic_moments,Magic Moments,100.0,False,,
Mainz,latin,10,mainz,singleton,,mainz,Mainz,100.0,False,,
Mini,latin,10,mini,singleton,,mini,Mini,100.0,False,,
Mirax,latin,10,mirax,fuzzy_cluster,c12,miraxx,Miraxx,90.9,True,approve,
Mom'S Food,latin,10,mom's food,singleton,,mom_s_food,Mom'S Food,100.0,False,,
Oriental Weavers,latin,10,oriental weavers,singleton,,oriental_weavers,Oriental Weavers,100.0,False,,
Pringles,latin,10,pringles,singleton,,pringles,Pringles,100.0,False,,
Raid,latin,10,raid,singleton,,raid,Raid,100.0,False,,
Rani,latin,10,rani,singleton,,rani,Rani,100.0,False,,
Rauch,latin,10,rauch,singleton,,rauch,Rauch,100.0,False,,
Red Bull,latin,10,red bull,singleton,,red_bull,Red Bull,100.0,False,,
Secret,latin,10,secret,singleton,,secret,Secret,100.0,False,,
Sonblet Elforat,latin,10,sonblet elforat,fuzzy_cluster,c16,sonbolat_elforat,Sonbolat Elforat,90.3,True,approve,
Storcks,latin,10,storcks,fuzzy_cluster,c25,storcks,Storcks,92.3,True,approve,
Sweet Life,latin,10,sweet life,singleton,,sweet_life,Sweet Life,100.0,False,,
Twix,latin,10,twix,singleton,,twix,Twix,100.0,False,,
ارم+هامر,arabic,10,ارم+هامر,singleton,,brand_fcc04cdbf9,ارم+هامر,100.0,False,,
استونيش,arabic,10,استونيش,singleton,,brand_00e8ffeb4c,استونيش,100.0,False,,
العروسه,arabic,10,العروسه,singleton,,brand_3bd02f501e,العروسه,100.0,False,,
اورينتال ويفرز,arabic,10,اورينتال ويفرز,singleton,,brand_74c81fe8b4,اورينتال ويفرز,100.0,False,,
بخيره,arabic,10,بخيره,singleton,,brand_fd1650d5fb,بخيره,100.0,False,,
برينجلز,arabic,10,برينجلز,singleton,,brand_0eae8ee9d3,برينجلز,100.0,False,,
تويكس,arabic,10,تويكس,singleton,,brand_b65464e168,تويكس,100.0,False,,
جود فرانس,arabic,10,جود فرانس,singleton,,brand_e3e8b2fd37,جود فرانس,100.0,False,,
روش,arabic,10,روش,singleton,,brand_7fb441ed4f,روش,100.0,False,,
ريد,arabic,10,ريد,singleton,,brand_f1da1530c7,ريد,100.0,False,,
ريد بول,arabic,10,ريد بول,singleton,,brand_48aca433c9,ريد بول,100.0,False,,
سيكريت,arabic,10,سيكريت,singleton,,brand_720557785b,سيكريت,100.0,False,,
فريدال,arabic,10,فريدال,singleton,,brand_0690f4cd01,فريدال,100.0,False,,
فيتر فلاش,arabic,10,فيتر فلاش,singleton,,brand_fbebe24c96,فيتر فلاش,100.0,False,,
كيندر,arabic,10,كيندر,singleton,,brand_91cef7e1dc,كيندر,100.0,False,,
ليڤ جرين,arabic,10,ليڤ جرين,singleton,,brand_ba474a0834,ليڤ جرين,100.0,False,,
ماجيك مومنتس,arabic,10,ماجيك مومنتس,singleton,,brand_aed6fbad95,ماجيك مومنتس,100.0,False,,
مامز فود,arabic,10,مامز فود,singleton,,brand_1515bda5f0,مامز فود,100.0,False,,
ماينز,arabic,10,ماينز,singleton,,brand_f4bf500f85,ماينز,100.0,False,,
ميراتكس,arabic,10,ميراتكس,singleton,,brand_16f6dd7243,ميراتكس,100.0,False,,
7 Up,latin,9,7 up,singleton,,7_up,7 Up,100.0,False,,
7اب,arabic,9,7اب,singleton,,7,7اب,100.0,False,,
Afia,latin,9,afia,singleton,,afia,Afia,100.0,False,,
Aleda,latin,9,aleda,singleton,,aleda,Aleda,100.0,False,,
Apt,latin,9,apt,singleton,,apt,Apt,100.0,False,,
Bingo,latin,9,bingo,fuzzy_cluster,c11,bingoo,Bingoo,90.9,True,approve,
Bisco Misr,latin,9,bisco misr,singleton,,bisco_misr,Bisco Misr,100.0,False,,
Bodylicious,latin,9,bodylicious,singleton,,bodylicious,Bodylicious,100.0,False,,
Bon Cafe,latin,9,bon cafe,singleton,,bon_cafe,Bon Cafe,100.0,False,,
Bonjorno,latin,9,bonjorno,singleton,,bonjorno,Bonjorno,100.0,False,,
Britannia,latin,9,britannia,singleton,,britannia,Britannia,100.0,False,,
Delia,latin,9,delia,singleton,,delia,Delia,100.0,False,,
El Halloub,latin,9,el halloub,singleton,,el_halloub,El Halloub,100.0,False,,
El Sada,latin,9,el sada,singleton,,el_sada,El Sada,100.0,False,,
Elano,latin,9,elano,singleton,,elano,Elano,100.0,False,,
Elrashidi Elmizan,latin,9,elrashidi elmizan,singleton,,elrashidi_elmizan,Elrashidi Elmizan,100.0,False,,
Elshamia,latin,9,elshamia,singleton,,elshamia,Elshamia,100.0,False,,
Fern,latin,9,fern,singleton,,fern,Fern,100.0,False,,
Glassy,latin,9,glassy,fuzzy_cluster,c10,glassy,Glassy,90.9,True,approve,
Gloria,latin,9,gloria,singleton,,gloria,Gloria,100.0,False,,
Goodcare,latin,9,goodcare,singleton,,goodcare,Goodcare,100.0,False,,
Green'S,latin,9,green's,singleton,,green_s,Green'S,100.0,False,,
M&M'S,latin,9,m&m's,singleton,,m_m_s,M&M'S,100.0,False,,
Mega Foods,latin,9,mega foods,singleton,,mega_foods,Mega Foods,100.0,False,,
Menz & Gasser,latin,9,menz & gasser,singleton,,menz_gasser,Menz & Gasser,100.0,False,,
Parodontax,latin,9,parodontax,singleton,,parodontax,Parodontax,100.0,False,,
Roots,latin,9,roots,singleton,,roots,Roots,100.0,False,,
St.Dalfour,latin,9,st.dalfour,singleton,,st_dalfour,St.Dalfour,100.0,False,,
St.Ives,latin,9,st.ives,singleton,,st_ives,St.Ives,100.0,False,,
Stevia Castello,latin,9,stevia castello,singleton,,stevia_castello,Stevia Castello,100.0,False,,
Twinkies,latin,9,twinkies,singleton,,twinkies,Twinkies,100.0,False,,
Veet,latin,9,veet,singleton,,veet,Veet,100.0,False,,
ابت,arabic,9,ابت,singleton,,brand_f102a536e7,ابت,100.0,False,,
اس تى.ايڤيز,arabic,9,اس تي.ايڤيز,singleton,,brand_9ff780a09e,اس تى.ايڤيز,100.0,False,,
اس تى.دالفور,arabic,9,اس تي.دالفور,singleton,,brand_a8ff9ddba3,اس تى.دالفور,100.0,False,,
الرشيدى الميزان,arabic,9,الرشيدي الميزان,singleton,,brand_58fffcd4ac,الرشيدى الميزان,100.0,False,,
السعده,arabic,9,السعده,singleton,,brand_44b3281a62,السعده,100.0,False,,
الشامية,arabic,9,الشامية,singleton,,brand_ddff4a94a5,الشامية,100.0,False,,
اليدا,arabic,9,اليدا,singleton,,brand_02c9d42737,اليدا,100.0,False,,
ام&امز,arabic,9,ام&امز,singleton,,brand_3f970f242b,ام&امز,100.0,False,,
ايلانو,arabic,9,ايلانو,singleton,,brand_746c6ed7c1,ايلانو,100.0,False,,
برودونتكس,arabic,9,برودونتكس,singleton,,brand_bdad0b7a83,برودونتكس,100.0,False,,
بريطانيا,arabic,9,بريطانيا,singleton,,brand_39b1471af1,بريطانيا,100.0,False,,
بوديليشوس,arabic,9,بوديليشوس,singleton,,brand_27e98ad690,بوديليشوس,100.0,False,,
بون كافيه,arabic,9,بون كافيه,singleton,,brand_f42020eb16,بون كافيه,100.0,False,,
بونجورنو,arabic,9,بونجورنو,singleton,,brand_7cbf69c994,بونجورنو,100.0,False,,
بيسكو مصر,arabic,9,بيسكو مصر,singleton,,brand_8c7e97dbf0,بيسكو مصر,100.0,False,,
بينجو,arabic,9,بينجو,singleton,,brand_d9ffc14b94,بينجو,100.0,False,,
توينكيز,arabic,9,توينكيز,singleton,,brand_3bc49b5be7,توينكيز,100.0,False,,
جرينز,arabic,9,جرينز,singleton,,brand_dd536fed48,جرينز,100.0,False,,
جلاسى,arabic,9,جلاسي,fuzzy_cluster,c30,brand_8283b444e1,جلاكسي,90.9,True,reject,
جلوريا,arabic,9,جلوريا,fuzzy_cluster,c32,brand_b253f7223c,جلوريا,90.9,True,approve,
جود كير,arabic,9,جود كير,singleton,,brand_e0fe0de6e4,جود كير,100.0,False,,
دليا,arabic,9,دليا,singleton,,brand_c525489822,دليا,100.0,False,,
روتس,arabic,9,روتس,singleton,,brand_55fcc60580,روتس,100.0,False,,
ستيڤيا كاستيلو,arabic,9,ستيڤيا كاستيلو,singleton,,brand_89ded27475,ستيڤيا كاستيلو,100.0,False,,
عافيه,arabic,9,عافيه,singleton,,brand_5deae425d6,عافيه,100.0,False,,
فيرن,arabic,9,فيرن,singleton,,brand_267825c4ce,فيرن,100.0,False,,
ميجا فودز,arabic,9,ميجا فودز,singleton,,brand_e99b4cdef2,ميجا فودز,100.0,False,,
مينز&جاسير,arabic,9,مينز&جاسير,singleton,,brand_f9ed1e0835,مينز&جاسير,100.0,False,,
ڤيت,arabic,9,ڤيت,singleton,,brand_c87fde8f0b,ڤيت,100.0,False,,
Akethai,latin,8,akethai,singleton,,akethai,Akethai,100.0,False,,
Aqua Touch,latin,8,aqua touch,singleton,,aqua_touch,Aqua Touch,100.0,False,,
Babari,latin,8,babari,fuzzy_cluster,c28,babari,Babari,92.3,True,approve,
Ban,latin,8,ban,singleton,,ban,Ban,100.0,False,,
Barbican,latin,8,barbican,singleton,,barbican,Barbican,100.0,False,,
Becky,latin,8,becky,singleton,,becky,Becky,100.0,False,,
Best Sheraton,latin,8,best sheraton,singleton,,best_sheraton,Best Sheraton,100.0,False,,
Big,latin,8,big,singleton,,big,Big,100.0,False,,
Body Fantasies,latin,8,body fantasies,singleton,,body_fantasies,Body Fantasies,100.0,False,,
Coca Cola,latin,8,coca cola,singleton,,coca_cola,Coca Cola,100.0,False,,
Cocoa Lovers,latin,8,cocoa lovers,singleton,,cocoa_lovers,Cocoa Lovers,100.0,False,,
Cure Aid,latin,8,cure aid,singleton,,cure_aid,Cure Aid,100.0,False,,
Dilmah,latin,8,dilmah,fuzzy_cluster,c22,dilmah,Dilmah,92.3,True,approve,
Easy Cook,latin,8,easy cook,singleton,,easy_cook,Easy Cook,100.0,False,,
Fagr,latin,8,fagr,singleton,,fagr,Fagr,100.0,False,,
Fayrouz,latin,8,fayrouz,singleton,,fayrouz,Fayrouz,100.0,False,,
Fluoro,latin,8,fluoro,singleton,,fluoro,Fluoro,100.0,False,,
Fogg,latin,8,fogg,singleton,,fogg,Fogg,100.0,False,,
Friendship,latin,8,friendship,singleton,,friendship,Friendship,100.0,False,,
Fruity,latin,8,fruity,fuzzy_cluster,c24,fruty,Fruty,90.9,True,approve,
Ganna,latin,8,ganna,singleton,,ganna,Ganna,100.0,False,,
Glory,latin,8,glory,singleton,,glory,Glory,100.0,False,,
Halla,latin,8,halla,singleton,,halla,Halla,100.0,False,,
Helwa,latin,8,helwa,singleton,,helwa,Helwa,100.0,False,,
Kalia,latin,8,kalia,singleton,,kalia,Kalia,100.0,False,,
Karim,latin,8,karim,singleton,,karim,Karim,100.0,False,,
Khatira,latin,8,khatira,singleton,,khatira,Khatira,100.0,False,,
Lion,latin,8,lion,singleton,,lion,Lion,100.0,False,,
Maison,latin,8,maison,singleton,,maison,Maison,100.0,False,,
Mammon,latin,8,mammon,singleton,,mammon,Mammon,100.0,False,,
Mega,latin,8,mega,singleton,,mega,Mega,100.0,False,,
Modish,latin,8,modish,singleton,,modish,Modish,100.0,False,,
Mr.Muscle,latin,8,mr.muscle,singleton,,mr_muscle,Mr.Muscle,100.0,False,,
Nutella,latin,8,nutella,singleton,,nutella,Nutella,100.0,False,,
Olympic,latin,8,olympic,singleton,,olympic,Olympic,100.0,False,,
Pharma P.,latin,8,pharma p,singleton,,pharma_p,Pharma P.,100.0,False,,
Popzz,latin,8,popzz,singleton,,popzz,Popzz,100.0,False,,
Rambo,latin,8,rambo,singleton,,rambo,Rambo,100.0,False,,
Sanosan,latin,8,sanosan,singleton,,sanosan,Sanosan,100.0,False,,
Sherosa,latin,8,sherosa,singleton,,sherosa,Sherosa,100.0,False,,
Sindbad,latin,8,sindbad,singleton,,sindbad,Sindbad,100.0,False,,
Solo,latin,8,solo,singleton,,solo,Solo,100.0,False,,
Sprite,latin,8,sprite,singleton,,sprite,Sprite,100.0,False,,
St. Ives,latin,8,st. ives,singleton,,st_ives,St. Ives,100.0,False,,
Such,latin,8,such,singleton,,such,Such,100.0,False,,
Tag Elmelouk,latin,8,tag elmelouk,singleton,,tag_elmelouk,Tag Elmelouk,100.0,False,,
Time Less,latin,8,time less,singleton,,time_less,Time Less,100.0,False,,
Toubar,latin,8,toubar,singleton,,toubar,Toubar,100.0,False,,
Wafeer,latin,8,wafeer,singleton,,wafeer,Wafeer,100.0,False,,
West Land,latin,8,west land,singleton,,west_land,West Land,100.0,False,,
Yo-Yos,latin,8,yo-yos,singleton,,yo_yos,Yo-Yos,100.0,False,,
Zero Frizz,latin,8,zero frizz,singleton,,zero_frizz,Zero Frizz,100.0,False,,
اكثاى,arabic,8,اكثاي,singleton,,brand_07c18c8b97,اكثاى,100.0,False,,
اكوا تاتش,arabic,8,اكوا تاتش,singleton,,brand_2f9e850ac8,اكوا تاتش,100.0,False,,
اوليمبك,arabic,8,اوليمبك,singleton,,brand_084df223cb,اوليمبك,100.0,False,,
باربيكان,arabic,8,باربيكان,singleton,,brand_e28e67caee,باربيكان,100.0,False,,
بدى فانتاسيز,arabic,8,بدي فانتاسيز,singleton,,brand_bd2848c63f,بدى فانتاسيز,100.0,False,,
تاج الملوك,arabic,8,تاج الملوك,singleton,,brand_8c5c037f35,تاج الملوك,100.0,False,,
جلورى,arabic,8,جلوري,fuzzy_cluster,c32,brand_b253f7223c,جلوريا,90.9,True,approve,
جنه,arabic,8,جنه,singleton,,brand_fc26471d65,جنه,100.0,False,,
حلوه,arabic,8,حلوه,singleton,,brand_1d20f26c21,حلوه,100.0,False,,
ديلماح,arabic,8,ديلماح,singleton,,brand_971dfbaa9e,ديلماح,100.0,False,,
زيرو فريز,arabic,8,زيرو فريز,singleton,,brand_7b5a28fc6c,زيرو فريز,100.0,False,,
سانوسان,arabic,8,سانوسان,singleton,,brand_db512a715c,سانوسان,100.0,False,,
سبريت,arabic,8,سبريت,singleton,,brand_3c96489733,سبريت,100.0,False,,
شيروسا,arabic,8,شيروسا,singleton,,brand_343697503f,شيروسا,100.0,False,,
فلورو,arabic,8,فلورو,singleton,,brand_74fa9f9a49,فلورو,100.0,False,,
فوج,arabic,8,فوج,singleton,,brand_ec606fe033,فوج,100.0,False,,
فيروز,arabic,8,فيروز,singleton,,brand_dbd1dbda85,فيروز,100.0,False,,
كوكا كولا,arabic,8,كوكا كولا,singleton,,brand_57f68f9f30,كوكا كولا,100.0,False,,
كوكا لاڤرز,arabic,8,كوكا لاڤرز,singleton,,brand_59ddf3ccc9,كوكا لاڤرز,100.0,False,,
لايون,arabic,8,لايون,singleton,,brand_606aaf0c16,لايون,100.0,False,,
مستر.مسل,arabic,8,مستر.مسل,singleton,,brand_5b4ebbe89b,مستر.مسل,100.0,False,,
موديش,arabic,8,موديش,singleton,,brand_9b5eacf4e9,موديش,100.0,False,,
ميجا,arabic,8,ميجا,singleton,,brand_c0e5bb612b,ميجا,100.0,False,,
نوتيلا,arabic,8,نوتيلا,singleton,,brand_70ae6667b2,نوتيلا,100.0,False,,
Admiral,latin,7,admiral,singleton,,admiral,Admiral,100.0,False,,
Al Ameed,latin,7,al ameed,singleton,,al_ameed,Al Ameed,100.0,False,,
Altahya,latin,7,altahya,fuzzy_cluster,c17,altahya,Altahya,93.3,True,approve,
Ariston,latin,7,ariston,singleton,,ariston,Ariston,100.0,False,,
Babyliss,latin,7,babyliss,singleton,,babyliss,Babyliss,100.0,False,,
Betty Crocker,latin,7,betty crocker,singleton,,betty_crocker,Betty Crocker,100.0,False,,
Bigen,latin,7,bigen,singleton,,bigen,Bigen,100.0,False,,
Colgate,latin,7,colgate,singleton,,colgate,Colgate,100.0,False,,
Dorco,latin,7,dorco,singleton,,dorco,Dorco,100.0,False,,
Elmaleka,latin,7,elmaleka,singleton,,elmaleka,Elmaleka,100.0,False,,
Healthy Mill,latin,7,healthy mill,singleton,,healthy_mill,Healthy Mill,100.0,False,,
Hoho,latin,7,hoho,singleton,,hoho,Hoho,100.0,False,,
Imperial Leather,latin,7,imperial leather,singleton,,imperial_leather,Imperial Leather,100.0,False,,
La Germania,latin,7,la germania,singleton,,la_germania,La Germania,100.0,False,,
Lurpak,latin,7,lurpak,singleton,,lurpak,Lurpak,100.0,False,,
Man-Zone,latin,7,man-zone,singleton,,man_zone,Man-Zone,100.0,False,,
Mazola,latin,7,mazola,singleton,,mazola,Mazola,100.0,False,,
Milka,latin,7,milka,singleton,,milka,Milka,100.0,False,,
Tai Hua,latin,7,tai hua,singleton,,tai_hua,Tai Hua,100.0,False,,
Trident,latin,7,trident,singleton,,trident,Trident,100.0,False,,
ادميرال,arabic,7,ادميرال,singleton,,brand_0e823f7263,ادميرال,100.0,False,,
الطاهية,arabic,7,الطاهية,singleton,,brand_72b1f2d3fa,الطاهية,100.0,False,,
العميد,arabic,7,العميد,singleton,,brand_1098808451,العميد,100.0,False,,
الملكه,arabic,7,الملكه,singleton,,brand_3e47b3413b,الملكه,100.0,False,,
ايرستون,arabic,7,ايرستون,singleton,,brand_cc752c25fa,ايرستون,100.0,False,,
ايمبريل لايزر,arabic,7,ايمبريل لايزر,singleton,,brand_5686523b0f,ايمبريل لايزر,100.0,False,,
بيبى ليس,arabic,7,بيبي ليس,singleton,,brand_7f12d8c47a,بيبى ليس,100.0,False,,
بيتى كروكر,arabic,7,بيتي كروكر,singleton,,brand_bf7bfaa663,بيتى كروكر,100.0,False,,
بيجن,arabic,7,بيجن,singleton,,brand_02833808ae,بيجن,100.0,False,,
ترايدنت,arabic,7,ترايدنت,singleton,,brand_148a5273d6,ترايدنت,100.0,False,,
تيا هو,arabic,7,تيا هو,singleton,,brand_3d29efd388,تيا هو,100.0,False,,
دوركو,arabic,7,دوركو,singleton,,brand_133c39f60d,دوركو,100.0,False,,
كولجات,arabic,7,كولجات,singleton,,brand_5ea76bb1b8,كولجات,100.0,False,,
لاجرمانيا,arabic,7,لاجرمانيا,singleton,,brand_27985d29c3,لاجرمانيا,100.0,False,,
لورباك,arabic,7,لورباك,singleton,,brand_3de033c1fd,لورباك,100.0,False,,
مازولا,arabic,7,مازولا,singleton,,brand_cacde8bc86,مازولا,100.0,False,,
مان-زون,arabic,7,مان-زون,singleton,,brand_33914d5c84,مان-زون,100.0,False,,
ميلكا,arabic,7,ميلكا,singleton,,brand_cad0e58154,ميلكا,100.0,False,,
هوهو,arabic,7,هوهو,singleton,,brand_8055b796d3,هوهو,100.0,False,,
هيلثى ميل,arabic,7,هيلثي ميل,singleton,,brand_c652db1b95,هيلثى ميل,100.0,False,,
Al Khair,latin,6,al khair,singleton,,al_khair,Al Khair,100.0,False,,
Altaheya,latin,6,altaheya,fuzzy_cluster,c17,altahya,Altahya,93.3,True,approve,
Amira,latin,6,amira,singleton,,amira,Amira,100.0,False,,
Arix,latin,6,arix,singleton,,arix,Arix,100.0,False,,
Audicare,latin,6,audicare,singleton,,audicare,Audicare,100.0,False,,
B-White,latin,6,b-white,singleton,,b_white,B-White,100.0,False,,
Bake Rolls,latin,6,bake rolls,singleton,,bake_rolls,Bake Rolls,100.0,False,,
Bimbo,latin,6,bimbo,singleton,,bimbo,Bimbo,100.0,False,,
Bright Stars,latin,6,bright stars,singleton,,bright_stars,Bright Stars,100.0,False,,
Catchy,latin,6,catchy,singleton,,catchy,Catchy,100.0,False,,
Cheesy Discs,latin,6,cheesy discs,singleton,,cheesy_discs,Cheesy Discs,100.0,False,,
Cliven,latin,6,cliven,singleton,,cliven,Cliven,100.0,False,,
Consul,latin,6,consul,singleton,,consul,Consul,100.0,False,,
Cornexi,latin,6,cornexi,singleton,,cornexi,Cornexi,100.0,False,,
Crisbiss,latin,6,crisbiss,singleton,,crisbiss,Crisbiss,100.0,False,,
Dash,latin,6,dash,singleton,,dash,Dash,100.0,False,,
Dobele,latin,6,dobele,singleton,,dobele,Dobele,100.0,False,,
Downy,latin,6,downy,singleton,,downy,Downy,100.0,False,,
Dr.Salt,latin,6,dr.salt,singleton,,dr_salt,Dr.Salt,100.0,False,,
Egipsy,latin,6,egipsy,singleton,,egipsy,Egipsy,100.0,False,,
Egypt Gardens,latin,6,egypt gardens,singleton,,egypt_gardens,Egypt Gardens,100.0,False,,
El Helal Maid,latin,6,el helal maid,singleton,,el_helal_maid,El Helal Maid,100.0,False,,
El Tawoos,latin,6,el tawoos,fuzzy_cluster,c4,el_tawoos,El Tawoos,94.1,True,approve,
Elledi,latin,6,elledi,singleton,,elledi,Elledi,100.0,False,,
Green House,latin,6,green house,singleton,,green_house,Green House,100.0,False,,
Hersheys,latin,6,hersheys,singleton,,hersheys,Hersheys,100.0,False,,
Hong,latin,6,hong,singleton,,hong,Hong,100.0,False,,
Intesa,latin,6,intesa,singleton,,intesa,Intesa,100.0,False,,
Kamara,latin,6,kamara,singleton,,kamara,Kamara,100.0,False,,
Katakito,latin,6,katakito,singleton,,katakito,Katakito,100.0,False,,
Lebnany,latin,6,lebnany,singleton,,lebnany,Lebnany,100.0,False,,
Loro,latin,6,loro,singleton,,loro,Loro,100.0,False,,
Merba,latin,6,merba,singleton,,merba,Merba,100.0,False,,
Mighty,latin,6,mighty,singleton,,mighty,Mighty,100.0,False,,
Misr Cafe,latin,6,misr cafe,singleton,,misr_cafe,Misr Cafe,100.0,False,,
Mixy,latin,6,mixy,singleton,,mixy,Mixy,100.0,False,,
Ogx,latin,6,ogx,singleton,,ogx,Ogx,100.0,False,,
Oujaj,latin,6,oujaj,singleton,,oujaj,Oujaj,100.0,False,,
Paldo,latin,6,paldo,singleton,,paldo,Paldo,100.0,False,,
Palmairs,latin,6,palmairs,singleton,,palmairs,Palmairs,100.0,False,,
Pinar,latin,6,pinar,singleton,,pinar,Pinar,100.0,False,,
Pledge,latin,6,pledge,singleton,,pledge,Pledge,100.0,False,,
Poinner,latin,6,poinner,singleton,,poinner,Poinner,100.0,False,,
Puffitos,latin,6,puffitos,singleton,,puffitos,Puffitos,100.0,False,,
Rana,latin,6,rana,singleton,,rana,Rana,100.0,False,,
Rany,latin,6,rany,singleton,,rany,Rany,100.0,False,,
Rio Mare,latin,6,rio mare,singleton,,rio_mare,Rio Mare,100.0,False,,
Solingen,latin,6,solingen,singleton,,solingen,Solingen,100.0,False,,
Splash,latin,6,splash,singleton,,splash,Splash,100.0,False,,
Sunbites,latin,6,sunbites,singleton,,sunbites,Sunbites,100.0,False,,
Ta7Bisha,latin,6,ta7bisha,singleton,,ta7bisha,Ta7Bisha,100.0,False,,
Three Stars,latin,6,three stars,singleton,,three_stars,Three Stars,100.0,False,,
Windex,latin,6,windex,singleton,,windex,Windex,100.0,False,,
Zabado,latin,6,zabado,singleton,,zabado,Zabado,100.0,False,,
اريكس,arabic,6,اريكس,singleton,,brand_683f864391,اريكس,100.0,False,,
الليدى,arabic,6,الليدي,singleton,,brand_ce79da3a03,الليدى,100.0,False,,
اميرة,arabic,6,اميرة,singleton,,brand_b75e4bca95,اميرة,100.0,False,,
انتيسا,arabic,6,انتيسا,singleton,,brand_5f9dc06840,انتيسا,100.0,False,,
اوجاج,arabic,6,اوجاج,singleton,,brand_f21156e8b7,اوجاج,100.0,False,,
اوجكس,arabic,6,اوجكس,singleton,,brand_27aaa3f849,اوجكس,100.0,False,,
بالدو,arabic,6,بالدو,singleton,,brand_a5c27e2bb7,بالدو,100.0,False,,
بليدج,arabic,6,بليدج,singleton,,brand_c584de79c6,بليدج,100.0,False,,
بى-وايت,arabic,6,بي-وايت,singleton,,brand_1f63599cbf,بى-وايت,100.0,False,,
بيمبو,arabic,6,بيمبو,singleton,,brand_ce979dbc05,بيمبو,100.0,False,,
بينار,arabic,6,بينار,singleton,,brand_2d9dbe87be,بينار,100.0,False,,
تشيز ديسكس,arabic,6,تشيز ديسكس,singleton,,brand_834fa6b2db,تشيز ديسكس,100.0,False,,
جرين هوس,arabic,6,جرين هوس,singleton,,brand_23b9310cf3,جرين هوس,100.0,False,,
داونى,arabic,6,داوني,singleton,,brand_d0ad5c8809,داونى,100.0,False,,
رانا,arabic,6,رانا,singleton,,brand_40c9c9aa9d,رانا,100.0,False,,
ريو مار,arabic,6,ريو مار,singleton,,brand_2816aac4cb,ريو مار,100.0,False,,
زبادو,arabic,6,زبادو,singleton,,brand_4b6bcdb6b6,زبادو,100.0,False,,
صن بيتس,arabic,6,صن بيتس,singleton,,brand_94dbbbb4d4,صن بيتس,100.0,False,,
كتاكيتو,arabic,6,كتاكيتو,singleton,,brand_dc3c64dfb2,كتاكيتو,100.0,False,,
كريسبيس,arabic,6,كريسبيس,singleton,,brand_a9d838cb40,كريسبيس,100.0,False,,
كليڤن,arabic,6,كليڤن,singleton,,brand_7066b3a0da,كليڤن,100.0,False,,
كمارا,arabic,6,كمارا,singleton,,brand_21c33dc822,كمارا,100.0,False,,
كورنيكسى,arabic,6,كورنيكسي,singleton,,brand_f3d067b231,كورنيكسى,100.0,False,,
كونصول,arabic,6,كونصول,singleton,,brand_8d1d80fcaa,كونصول,100.0,False,,
لورو,arabic,6,لورو,singleton,,brand_b36ec687b8,لورو,100.0,False,,
مصر كافيه,arabic,6,مصر كافيه,singleton,,brand_b040c3f7d3,مصر كافيه,100.0,False,,
ميربا,arabic,6,ميربا,singleton,,brand_3a824b7d77,ميربا,100.0,False,,
هرشيز,arabic,6,هرشيز,singleton,,brand_54f00a9ffe,هرشيز,100.0,False,,
وينديكس,arabic,6,وينديكس,singleton,,brand_9f496bb564,وينديكس,100.0,False,,
Abo Alwalad,latin,5,abo alwalad,singleton,,abo_alwalad,Abo Alwalad,100.0,False,,
Aqua Delta,latin,5,aqua delta,singleton,,aqua_delta,Aqua Delta,100.0,False,,
Aquafina,latin,5,aquafina,singleton,,aquafina,Aquafina,100.0,False,,
Archos,latin,5,archos,singleton,,archos,Archos,100.0,False,,
Ashha,latin,5,ashha,singleton,,ashha,Ashha,100.0,False,,
Astra,latin,5,astra,singleton,,astra,Astra,100.0,False,,
Bahi,latin,5,bahi,singleton,,bahi,Bahi,100.0,False,,
Bounty,latin,5,bounty,singleton,,bounty,Bounty,100.0,False,,
Brylcreem,latin,5,brylcreem,singleton,,brylcreem,Brylcreem,100.0,False,,
Carroten,latin,5,carroten,singleton,,carroten,Carroten,100.0,False,,
Coffee Break,latin,5,coffee break,singleton,,coffee_break,Coffee Break,100.0,False,,
Durex,latin,5,durex,singleton,,durex,Durex,100.0,False,,
Fairy,latin,5,fairy,singleton,,fairy,Fairy,100.0,False,,
Golden Breeze,latin,5,golden breeze,singleton,,golden_breeze,Golden Breeze,100.0,False,,
Helal,latin,5,helal,singleton,,helal,Helal,100.0,False,,
Honig Ozbal,latin,5,honig ozbal,singleton,,honig_ozbal,Honig Ozbal,100.0,False,,
Johnson,latin,5,johnson,singleton,,johnson,Johnson,100.0,False,,
Joy,latin,5,joy,singleton,,joy,Joy,100.0,False,,
Khoshala,latin,5,khoshala,singleton,,khoshala,Khoshala,100.0,False,,
Labello,latin,5,labello,singleton,,labello,Labello,100.0,False,,
Lindt,latin,5,lindt,singleton,,lindt,Lindt,100.0,False,,
Munchy,latin,5,munchy,singleton,,munchy,Munchy,100.0,False,,
Nice Life,latin,5,nice life,singleton,,nice_life,Nice Life,100.0,False,,
Olay,latin,5,olay,singleton,,olay,Olay,100.0,False,,
Ors,latin,5,ors,singleton,,ors,Ors,100.0,False,,
Pico,latin,5,pico,singleton,,pico,Pico,100.0,False,,
Popz,latin,5,popz,singleton,,popz,Popz,100.0,False,,
Snips,latin,5,snips,singleton,,snips,Snips,100.0,False,,
Sunny,latin,5,sunny,singleton,,sunny,Sunny,100.0,False,,
Tang,latin,5,tang,singleton,,tang,Tang,100.0,False,,
أبو الولد,arabic,5,ابو الولد,singleton,,brand_84568ae126,أبو الولد,100.0,False,,
ارتشوس,arabic,5,ارتشوس,singleton,,brand_94b16e04e2,ارتشوس,100.0,False,,
استرا,arabic,5,استرا,singleton,,brand_2bc4b69cff,استرا,100.0,False,,
اشهى,arabic,5,اشهي,singleton,,brand_d37c4e8007,اشهى,100.0,False,,
اكوا دلتا,arabic,5,اكوا دلتا,singleton,,brand_8b81cd03d0,اكوا دلتا,100.0,False,,
اكوافينا,arabic,5,اكوافينا,singleton,,brand_ca8a799de7,اكوافينا,100.0,False,,
الطاووس,arabic,5,الطاووس,singleton,,brand_42404ef870,الطاووس,100.0,False,,
اولي,arabic,5,اولي,singleton,,brand_f336825c2d,اولي,100.0,False,,
اوه ار اس,arabic,5,اوه ار اس,singleton,,brand_6e2de01342,اوه ار اس,100.0,False,,
باهي,arabic,5,باهي,singleton,,brand_689834b505,باهي,100.0,False,,
بريل كريم,arabic,5,بريل كريم,singleton,,brand_1a1322ac49,بريل كريم,100.0,False,,
بوبز,arabic,5,بوبز,singleton,,brand_3378c02399,بوبز,100.0,False,,
بونتى,arabic,5,بونتي,singleton,,brand_3f02e30a2a,بونتى,100.0,False,,
بيكو,arabic,5,بيكو,singleton,,brand_e08a1fa6c9,بيكو,100.0,False,,
تانج,arabic,5,تانج,singleton,,brand_14d2eca550,تانج,100.0,False,,
جولدن بريز,arabic,5,جولدن بريز,singleton,,brand_e5c72ce48f,جولدن بريز,100.0,False,,
جونسون,arabic,5,جونسون,singleton,,brand_03b89e4856,جونسون,100.0,False,,
جوي,arabic,5,جوي,singleton,,brand_871d75b6a6,جوي,100.0,False,,
خشالة,arabic,5,خشالة,singleton,,brand_00f755e887,خشالة,100.0,False,,
ديروكس,arabic,5,ديروكس,singleton,,brand_4df6dd9fe3,ديروكس,100.0,False,,
سنيبس,arabic,5,سنيبس,singleton,,brand_8c606d8fbc,سنيبس,100.0,False,,
صانى,arabic,5,صاني,singleton,,brand_e383f80af5,صانى,100.0,False,,
فيرى,arabic,5,فيري,singleton,,brand_41b948773f,فيرى,100.0,False,,
كاروتن,arabic,5,كاروتن,singleton,,brand_9cb656fb99,كاروتن,100.0,False,,
كوفى بريك,arabic,5,كوفي بريك,singleton,,brand_d387198085,كوفى بريك,100.0,False,,
لابولو,arabic,5,لابولو,singleton,,brand_bdd5ebf84d,لابولو,100.0,False,,
ليندت,arabic,5,ليندت,singleton,,brand_1764be85c4,ليندت,100.0,False,,
مونشى,arabic,5,مونشي,singleton,,brand_e8de050760,مونشى,100.0,False,,
نيس ليف,arabic,5,نيس ليف,singleton,,brand_84affe01be,نيس ليف,100.0,False,,
هلال,arabic,5,هلال,singleton,,brand_58f0951448,هلال,100.0,False,,
هونيج اوزبل,arabic,5,هونيج اوزبل,singleton,,brand_dc3aa2a942,هونيج اوزبل,100.0,False,,
Abu Kass,latin,4,abu kass,singleton,,abu_kass,Abu Kass,100.0,False,,
Al Alwani,latin,4,al alwani,singleton,,al_alwani,Al Alwani,100.0,False,,
Al Tawoos,latin,4,al tawoos,singleton,,al_tawoos,Al Tawoos,100.0,False,,
Alyousr,latin,4,alyousr,singleton,,alyousr,Alyousr,100.0,False,,
Ballow,latin,4,ballow,singleton,,ballow,Ballow,100.0,False,,
Belhana,latin,4,belhana,singleton,,belhana,Belhana,100.0,False,,
Billington's,latin,4,billington's,singleton,,billington_s,Billington's,100.0,False,,
Bordonn,latin,4,bordonn,fuzzy_cluster,c26,bordonn,Bordonn,92.3,True,approve,
Bosch,latin,4,bosch,singleton,,bosch,Bosch,100.0,False,,
Clorets,latin,4,clorets,singleton,,clorets,Clorets,100.0,False,,
Colavita,latin,4,colavita,singleton,,colavita,Colavita,100.0,False,,
Deomania,latin,4,deomania,singleton,,deomania,Deomania,100.0,False,,
Diafa,latin,4,diafa,singleton,,diafa,Diafa,100.0,False,,
Dilmahh,latin,4,dilmahh,fuzzy_cluster,c22,dilmah,Dilmah,92.3,True,approve,
Doctor Skin,latin,4,doctor skin,singleton,,doctor_skin,Doctor Skin,100.0,False,,
Duck,latin,4,duck,singleton,,duck,Duck,100.0,False,,
Due Vittorie,latin,4,due vittorie,singleton,,due_vittorie,Due Vittorie,100.0,False,,
Dunlop,latin,4,dunlop,singleton,,dunlop,Dunlop,100.0,False,,
Duru Lady,latin,4,duru lady,singleton,,duru_lady,Duru Lady,100.0,False,,
El Sharouk,latin,4,el sharouk,singleton,,el_sharouk,El Sharouk,100.0,False,,
El Sherif,latin,4,el sherif,singleton,,el_sherif,El Sherif,100.0,False,,
Elle,latin,4,elle,singleton,,elle,Elle,100.0,False,,
Elmtbkh Elmasry,latin,4,elmtbkh elmasry,fuzzy_cluster,c23,elmatbakh_elmasry,Elmatbakh Elmasry,93.8,True,approve,
Enchantur,latin,4,enchantur,fuzzy_cluster,c21,enchanteur,Enchanteur,94.7,True,approve,
Evasmokers,latin,4,evasmokers,singleton,,evasmokers,Evasmokers,100.0,False,,
Ferrero Rocher,latin,4,ferrero rocher,singleton,,ferrero_rocher,Ferrero Rocher,100.0,False,,
Fersan,latin,4,fersan,singleton,,fersan,Fersan,100.0,False,,
Fiji,latin,4,fiji,singleton,,fiji,Fiji,100.0,False,,
Fine Foods,latin,4,fine foods,singleton,,fine_foods,Fine Foods,100.0,False,,
Fructis,latin,4,fructis,singleton,,fructis,Fructis,100.0,False,,
Glass,latin,4,glass,fuzzy_cluster,c10,glassy,Glassy,90.9,True,reject,
Gold Alex,latin,4,gold alex,singleton,,gold_alex,Gold Alex,100.0,False,,
Good Day,latin,4,good day,singleton,,good_day,Good Day,100.0,False,,
Haday,latin,4,haday,singleton,,haday,Haday,100.0,False,,
Hanem,latin,4,hanem,singleton,,hanem,Hanem,100.0,False,,
Herr'S,latin,4,herr's,singleton,,herr_s,Herr'S,100.0,False,,
Hi Food,latin,4,hi food,singleton,,hi_food,Hi Food,100.0,False,,
Hygienics,latin,4,hygienics,singleton,,hygienics,Hygienics,100.0,False,,
Indomie,latin,4,indomie,singleton,,indomie,Indomie,100.0,False,,
Karess,latin,4,karess,singleton,,karess,Karess,100.0,False,,
King,latin,4,king,singleton,,king,King,100.0,False,,
Kit Kat,latin,4,kit kat,singleton,,kit_kat,Kit Kat,100.0,False,,
Kohinoor,latin,4,kohinoor,singleton,,kohinoor,Kohinoor,100.0,False,,
Maltesers,latin,4,maltesers,singleton,,maltesers,Maltesers,100.0,False,,
Mario,latin,4,mario,singleton,,mario,Mario,100.0,False,,
Matey,latin,4,matey,singleton,,matey,Matey,100.0,False,,
Mauxion -Co,latin,4,mauxion -co,singleton,,mauxion_co,Mauxion -Co,100.0,False,,
Maxitol,latin,4,maxitol,singleton,,maxitol,Maxitol,100.0,False,,
Moby,latin,4,moby,singleton,,moby,Moby,100.0,False,,
Munchos,latin,4,munchos,singleton,,munchos,Munchos,100.0,False,,
Nachos,latin,4,nachos,singleton,,nachos,Nachos,100.0,False,,
Nahrain,latin,4,nahrain,singleton,,nahrain,Nahrain,100.0,False,,
Newzelanda Alhalob,latin,4,newzelanda alhalob,singleton,,newzelanda_alhalob,Newzelanda Alhalob,100.0,False,,
Nice,latin,4,nice,singleton,,nice,Nice,100.0,False,,
Nutty,latin,4,nutty,singleton,,nutty,Nutty,100.0,False,,
O.D.Gourmet,latin,4,o.d.gourmet,singleton,,o_d_gourmet,O.D.Gourmet,100.0,False,,
Olivia,latin,4,olivia,singleton,,olivia,Olivia,100.0,False,,
On Line,latin,4,on line,singleton,,on_line,On Line,100.0,False,,
Oriental,latin,4,oriental,singleton,,oriental,Oriental,100.0,False,,
Palmini,latin,4,palmini,singleton,,palmini,Palmini,100.0,False,,
R/Salgado,latin,4,r/salgado,singleton,,r_salgado,R/Salgado,100.0,False,,
Retaj,latin,4,retaj,singleton,,retaj,Retaj,100.0,False,,
Rich,latin,4,rich,singleton,,rich,Rich,100.0,False,,
Rico Chico,latin,4,rico chico,singleton,,rico_chico,Rico Chico,100.0,False,,
Riesen,latin,4,riesen,singleton,,riesen,Riesen,100.0,False,,
Riso Extra,latin,4,riso extra,singleton,,riso_extra,Riso Extra,100.0,False,,
Riviere,latin,4,riviere,singleton,,riviere,Riviere,100.0,False,,
Riviere D'Or,latin,4,riviere d'or,singleton,,riviere_d_or,Riviere D'Or,100.0,False,,
Ruparels,latin,4,ruparels,singleton,,ruparels,Ruparels,100.0,False,,
Slazenger,latin,4,slazenger,singleton,,slazenger,Slazenger,100.0,False,,
Solina,latin,4,solina,singleton,,solina,Solina,100.0,False,,
Sonbolet Elforat,latin,4,sonbolet elforat,fuzzy_cluster,c16,sonbolat_elforat,Sonbolat Elforat,90.3,True,approve,
Sweet Fitness,latin,4,sweet fitness,singleton,,sweet_fitness,Sweet Fitness,100.0,False,,
Syoss,latin,4,syoss,singleton,,syoss,Syoss,100.0,False,,
Tashkila,latin,4,tashkila,singleton,,tashkila,Tashkila,100.0,False,,
Tic Tac,latin,4,tic tac,singleton,,tic_tac,Tic Tac,100.0,False,,
Toffita,latin,4,toffita,singleton,,toffita,Toffita,100.0,False,,
Tomorrow,latin,4,tomorrow,singleton,,tomorrow,Tomorrow,100.0,False,,
V8,latin,4,v8,singleton,,v8,V8,100.0,False,,
Viali,latin,4,viali,fuzzy_cluster,c8,viali,Viali,90.9,True,approve,
Windows,latin,4,windows,singleton,,windows,Windows,100.0,False,,
Yaru,latin,4,yaru,singleton,,yaru,Yaru,100.0,False,,
ابوكاس,arabic,4,ابوكاس,singleton,,brand_bb31cfcd2a,ابوكاس,100.0,False,,
العلوانى,arabic,4,العلواني,singleton,,brand_b03815b48d,العلوانى,100.0,False,,
المطبخ المصرى,arabic,4,المطبخ المصري,singleton,,brand_29480d896b,المطبخ المصرى,100.0,False,,
اندومي,arabic,4,اندومي,singleton,,brand_723fbf537d,اندومي,100.0,False,,
انشانتر,arabic,4,انشانتر,singleton,,brand_1ee37f0c30,انشانتر,100.0,False,,
اوه.دى.جرومت,arabic,4,اوه.دي.جرومت,singleton,,brand_4103f16a93,اوه.دى.جرومت,100.0,False,,
ايفاسموكرز,arabic,4,ايفاسموكرز,singleton,,brand_647b44327c,ايفاسموكرز,100.0,False,,
بالمينى,arabic,4,بالميني,singleton,,brand_741d78e458,بالمينى,100.0,False,,
بيلينجتونز,arabic,4,بيلينجتونز,singleton,,brand_52177bd3ac,بيلينجتونز,100.0,False,,
توفيتا,arabic,4,توفيتا,singleton,,brand_e0b1bda673,توفيتا,100.0,False,,
تيك تاك,arabic,4,تيك تاك,singleton,,brand_55822d1304,تيك تاك,100.0,False,,
جود داى,arabic,4,جود داي,singleton,,brand_a98b2f9c91,جود داى,100.0,False,,
جولد الكس,arabic,4,جولد الكس,singleton,,brand_ad199356e0,جولد الكس,100.0,False,,
دو ڤيتورى,arabic,4,دو ڤيتوري,singleton,,brand_d9e0dd53eb,دو ڤيتورى,100.0,False,,
دورو ليدى,arabic,4,دورو ليدي,singleton,,brand_f894c92c22,دورو ليدى,100.0,False,,
دونلوب,arabic,4,دونلوب,singleton,,brand_ad1e4ba7b9,دونلوب,100.0,False,,
روبارلز,arabic,4,روبارلز,singleton,,brand_a38fc3dfff,روبارلز,100.0,False,,
ريسن,arabic,4,ريسن,singleton,,brand_1a160f2e92,ريسن,100.0,False,,
ريفير د'ور,arabic,4,ريفير د'ور,singleton,,brand_236b118a81,ريفير د'ور,100.0,False,,
سلازنجر,arabic,4,سلازنجر,singleton,,brand_12f8bb50ab,سلازنجر,100.0,False,,
سولينا,arabic,4,سولينا,singleton,,brand_0c6896cc69,سولينا,100.0,False,,
فاين فودز,arabic,4,فاين فودز,singleton,,brand_dad0b74a6c,فاين فودز,100.0,False,,
فرسان,arabic,4,فرسان,singleton,,brand_82d8ec5ce0,فرسان,100.0,False,,
فروكتيس,arabic,4,فروكتيس,singleton,,brand_e373884a9d,فروكتيس,100.0,False,,
فيجى,arabic,4,فيجي,singleton,,brand_934a9e714e,فيجى,100.0,False,,
فيريرو روشيه,arabic,4,فيريرو روشيه,singleton,,brand_8bb7371a91,فيريرو روشيه,100.0,False,,
كلورتس,arabic,4,كلورتس,singleton,,brand_fc1a92a36a,كلورتس,100.0,False,,
كولاڤيتا,arabic,4,كولاڤيتا,singleton,,brand_7c4f21a782,كولاڤيتا,100.0,False,,
كوهينور,arabic,4,كوهينور,singleton,,brand_8211036173,كوهينور,100.0,False,,
كيت كات,arabic,4,كيت كات,singleton,,brand_d34f222a0a,كيت كات,100.0,False,,
مالتيسيرز,arabic,4,مالتيسيرز,singleton,,brand_6fd388d588,مالتيسيرز,100.0,False,,
مونشس,arabic,4,مونشس,singleton,,brand_a0419838a4,مونشس,100.0,False,,
نهرين,arabic,4,نهرين,singleton,,brand_8dff762b46,نهرين,100.0,False,,
نوتى,arabic,4,نوتي,singleton,,brand_d066917908,نوتى,100.0,False,,
هاداى,arabic,4,هاداي,singleton,,brand_cabaa03b7c,هاداى,100.0,False,,
هانم,arabic,4,هانم,singleton,,brand_9e399f4b91,هانم,100.0,False,,
هاى فود,arabic,4,هاي فود,singleton,,brand_aaccba6b2d,هاى فود,100.0,False,,
هيرز,arabic,4,هيرز,singleton,,brand_24d65b9489,هيرز,100.0,False,,
يارو,arabic,4,يارو,singleton,,brand_36830fd404,يارو,100.0,False,,
Agromonte,latin,3,agromonte,singleton,,agromonte,Agromonte,100.0,False,,
Al Saa,latin,3,al saa,singleton,,al_saa,Al Saa,100.0,False,,
Alicafe,latin,3,alicafe,singleton,,alicafe,Alicafe,100.0,False,,
Alpecin,latin,3,alpecin,singleton,,alpecin,Alpecin,100.0,False,,
Arrid,latin,3,arrid,singleton,,arrid,Arrid,100.0,False,,
Bon Aroma,latin,3,bon aroma,singleton,,bon_aroma,Bon Aroma,100.0,False,,
Bon Bons,latin,3,bon bons,fuzzy_cluster,c27,bonbons,Bonbons,93.3,True,approve,
Brut,latin,3,brut,singleton,,brut,Brut,100.0,False,,
Dano,latin,3,dano,singleton,,dano,Dano,100.0,False,,
Dasani,latin,3,dasani,singleton,,dasani,Dasani,100.0,False,,
Doritos,latin,3,doritos,singleton,,doritos,Doritos,100.0,False,,
Emco,latin,3,emco,singleton,,emco,Emco,100.0,False,,
Fem,latin,3,fem,singleton,,fem,Fem,100.0,False,,
Fitnuts,latin,3,fitnuts,singleton,,fitnuts,Fitnuts,100.0,False,,
Flying Goose,latin,3,flying goose,singleton,,flying_goose,Flying Goose,100.0,False,,
Fripps,latin,3,fripps,singleton,,fripps,Fripps,100.0,False,,
Go On,latin,3,go on,singleton,,go_on,Go On,100.0,False,,
Grandos,latin,3,grandos,singleton,,grandos,Grandos,100.0,False,,
Hala,latin,3,hala,singleton,,hala,Hala,100.0,False,,
Haloub Almissalia,latin,3,haloub almissalia,singleton,,haloub_almissalia,Haloub Almissalia,100.0,False,,
Hanady,latin,3,hanady,singleton,,hanady,Hanady,100.0,False,,
Hedeya,latin,3,hedeya,singleton,,hedeya,Hedeya,100.0,False,,
Huggies,latin,3,huggies,singleton,,huggies,Huggies,100.0,False,,
Ideal,latin,3,ideal,singleton,,ideal,Ideal,100.0,False,,
Inecto,latin,3,inecto,singleton,,inecto,Inecto,100.0,False,,
Kenoz,latin,3,kenoz,singleton,,kenoz,Kenoz,100.0,False,,
Keshtah Mamlka,latin,3,keshtah mamlka,singleton,,keshtah_mamlka,Keshtah Mamlka,100.0,False,,
Kot Elkloub,latin,3,kot elkloub,singleton,,kot_elkloub,Kot Elkloub,100.0,False,,
Lal Qilla Majestic,latin,3,lal qilla majestic,singleton,,lal_qilla_majestic,Lal Qilla Majestic,100.0,False,,
Lavazza,latin,3,lavazza,singleton,,lavazza,Lavazza,100.0,False,,
Mars,latin,3,mars,singleton,,mars,Mars,100.0,False,,
Melitta,latin,3,melitta,singleton,,melitta,Melitta,100.0,False,,
Merci,latin,3,merci,singleton,,merci,Merci,100.0,False,,
Messori,latin,3,messori,singleton,,messori,Messori,100.0,False,,
Mobi,latin,3,mobi,singleton,,mobi,Mobi,100.0,False,,
Monopoly,latin,3,monopoly,singleton,,monopoly,Monopoly,100.0,False,,
Morfose,latin,3,morfose,singleton,,morfose,Morfose,100.0,False,,
Moro,latin,3,moro,singleton,,moro,Moro,100.0,False,,
Nairns,latin,3,nairns,singleton,,nairns,Nairns,100.0,False,,
Pearl River Bridge,latin,3,pearl river bridge,singleton,,pearl_river_bridge,Pearl River Bridge,100.0,False,,
Pectol,latin,3,pectol,singleton,,pectol,Pectol,100.0,False,,
Power Horse,latin,3,power horse,singleton,,power_horse,Power Horse,100.0,False,,
Roshen,latin,3,roshen,singleton,,roshen,Roshen,100.0,False,,
Safia's,latin,3,safia's,singleton,,safia_s,Safia's,100.0,False,,
Santal,latin,3,santal,singleton,,santal,Santal,100.0,False,,
Schick,latin,3,schick,singleton,,schick,Schick,100.0,False,,
Strepsils,latin,3,strepsils,singleton,,strepsils,Strepsils,100.0,False,,
Swiss Foods,latin,3,swiss foods,singleton,,swiss_foods,Swiss Foods,100.0,False,,
Tabasco,latin,3,tabasco,singleton,,tabasco,Tabasco,100.0,False,,
Tambo,latin,3,tambo,singleton,,tambo,Tambo,100.0,False,,
Tampexs,latin,3,tampexs,singleton,,tampexs,Tampexs,100.0,False,,
Tea Break,latin,3,tea break,singleton,,tea_break,Tea Break,100.0,False,,
Varvello,latin,3,varvello,singleton,,varvello,Varvello,100.0,False,,
Vialli,latin,3,vialli,fuzzy_cluster,c8,viali,Viali,90.9,True,approve,
Wonder Ville,latin,3,wonder ville,singleton,,wonder_ville,Wonder Ville,100.0,False,,
اجرومونت,arabic,3,اجرومونت,singleton,,brand_44d97fc3ce,اجرومونت,100.0,False,,
اريد,arabic,3,اريد,singleton,,brand_32c21e6df2,اريد,100.0,False,,
البيسان,arabic,3,البيسان,singleton,,brand_2d59986740,البيسان,100.0,False,,
الساعه,arabic,3,الساعه,singleton,,brand_03fbf34f34,الساعه,100.0,False,,
ايدل,arabic,3,ايدل,singleton,,brand_a127e18272,ايدل,100.0,False,,
ايمكو,arabic,3,ايمكو,singleton,,brand_da25a602d0,ايمكو,100.0,False,,
اينستو,arabic,3,اينستو,singleton,,brand_d041705489,اينستو,100.0,False,,
بروت,arabic,3,بروت,singleton,,brand_3ade84332c,بروت,100.0,False,,
بن اروما,arabic,3,بن اروما,singleton,,brand_3728e6dd30,بن اروما,100.0,False,,
بور هورس,arabic,3,بور هورس,singleton,,brand_0fc199a856,بور هورس,100.0,False,,
بون بون,arabic,3,بون بون,singleton,,brand_efe42c930b,بون بون,100.0,False,,
بيرل ريفير بريدج,arabic,3,بيرل ريفير بريدج,singleton,,brand_6a7877c60d,بيرل ريفير بريدج,100.0,False,,
بيكتول,arabic,3,بيكتول,singleton,,brand_e41d609185,بيكتول,100.0,False,,
تاباسكو,arabic,3,تاباسكو,singleton,,brand_4e86957a32,تاباسكو,100.0,False,,
تامبكيسز,arabic,3,تامبكيسز,singleton,,brand_4cd27a2404,تامبكيسز,100.0,False,,
تامبو,arabic,3,تامبو,singleton,,brand_8461c7fcdb,تامبو,100.0,False,,
تي بريك,arabic,3,تي بريك,singleton,,brand_aef699eff0,تي بريك,100.0,False,,
جراندوس,arabic,3,جراندوس,singleton,,brand_519224ef94,جراندوس,100.0,False,,
جو اون,arabic,3,جو اون,singleton,,brand_d4bbf73da5,جو اون,100.0,False,,
حلوب المثاليه,arabic,3,حلوب المثاليه,singleton,,brand_6151dc23db,حلوب المثاليه,100.0,False,,
داسانى,arabic,3,داساني,singleton,,brand_8a061e28ac,داسانى,100.0,False,,
دانو,arabic,3,دانو,singleton,,brand_c978eff546,دانو,100.0,False,,
دوريتس,arabic,3,دوريتس,singleton,,brand_ce984e022e,دوريتس,100.0,False,,
روشين,arabic,3,روشين,singleton,,brand_73e7d61d28,روشين,100.0,False,,
ستربسيلز,arabic,3,ستربسيلز,singleton,,brand_22f5eebe8b,ستربسيلز,100.0,False,,
ستشيك,arabic,3,ستشيك,singleton,,brand_201eaeda04,ستشيك,100.0,False,,
سنتل,arabic,3,سنتل,singleton,,brand_d5184e9e98,سنتل,100.0,False,,
سويس فودز,arabic,3,سويس فودز,singleton,,brand_3a2998017e,سويس فودز,100.0,False,,
صفيه,arabic,3,صفيه,singleton,,brand_c4efec5e47,صفيه,100.0,False,,
على كافيه,arabic,3,علي كافيه,singleton,,brand_b1a6253142,على كافيه,100.0,False,,
فلاينج جووس,arabic,3,فلاينج جووس,singleton,,brand_e54f9a3370,فلاينج جووس,100.0,False,,
فيتنوتس,arabic,3,فيتنوتس,singleton,,brand_6abf9c1398,فيتنوتس,100.0,False,,
فيربس,arabic,3,فيربس,singleton,,brand_273564ce3f,فيربس,100.0,False,,
فيم,arabic,3,فيم,singleton,,brand_94b1507dba,فيم,100.0,False,,
قوت القلوب,arabic,3,قوت القلوب,singleton,,brand_c90c8cb16f,قوت القلوب,100.0,False,,
كشته,arabic,3,كشته,singleton,,brand_a6cd362820,كشته,100.0,False,,
كنوز,arabic,3,كنوز,singleton,,brand_21142aa037,كنوز,100.0,False,,
لافاتزا,arabic,3,لافاتزا,singleton,,brand_3b3147be79,لافاتزا,100.0,False,,
لال كيلا ماجيستك,arabic,3,لال كيلا ماجيستك,singleton,,brand_c0f9a4bba5,لال كيلا ماجيستك,100.0,False,,
مارس,arabic,3,مارس,singleton,,brand_452ec922a2,مارس,100.0,False,,
مليتا,arabic,3,مليتا,singleton,,brand_94b7acfa34,مليتا,100.0,False,,
موبى,arabic,3,موبي,singleton,,brand_389bb67e5a,موبى,100.0,False,,
مورفوس,arabic,3,مورفوس,singleton,,brand_0cfa0b719d,مورفوس,100.0,False,,
مورو,arabic,3,مورو,singleton,,brand_ed008145a6,مورو,100.0,False,,
مونوبولي,arabic,3,مونوبولي,singleton,,brand_230a997d26,مونوبولي,100.0,False,,
ميرسى,arabic,3,ميرسي,singleton,,brand_5c435833bf,ميرسى,100.0,False,,
ميسورى,arabic,3,ميسوري,singleton,,brand_c3ce2c6c2f,ميسورى,100.0,False,,
نارينز,arabic,3,نارينز,singleton,,brand_c39b3e0d36,نارينز,100.0,False,,
هاجست,arabic,3,هاجست,singleton,,brand_db82825b28,هاجست,100.0,False,,
هدايا,arabic,3,هدايا,singleton,,brand_c01000b4ec,هدايا,100.0,False,,
هلا,arabic,3,هلا,singleton,,brand_42b88ae94d,هلا,100.0,False,,
هنادى,arabic,3,هنادي,singleton,,brand_157c825e91,هنادى,100.0,False,,
واندر ڤيلا,arabic,3,واندر ڤيلا,singleton,,brand_25e32bcedb,واندر ڤيلا,100.0,False,,
ڤارڤيلو,arabic,3,ڤارڤيلو,singleton,,brand_c6b12b8cc9,ڤارڤيلو,100.0,False,,
ڤياللى,arabic,3,ڤياللي,singleton,,brand_9a5d10307d,ڤياللى,100.0,False,,
Abe,latin,2,abe,singleton,,abe,Abe,100.0,False,,
Al Bero,latin,2,al bero,singleton,,al_bero,Al Bero,100.0,False,,
Al Coptan,latin,2,al coptan,singleton,,al_coptan,Al Coptan,100.0,False,,
Al Haloub,latin,2,al haloub,singleton,,al_haloub,Al Haloub,100.0,False,,
Al Mashreq,latin,2,al mashreq,singleton,,al_mashreq,Al Mashreq,100.0,False,,
Al Rabee,latin,2,al rabee,singleton,,al_rabee,Al Rabee,100.0,False,,
Alexandria,latin,2,alexandria,singleton,,alexandria,Alexandria,100.0,False,,
Amla,latin,2,amla,singleton,,amla,Amla,100.0,False,,
Amstel Zero,latin,2,amstel zero,singleton,,amstel_zero,Amstel Zero,100.0,False,,
Aquella,latin,2,aquella,singleton,,aquella,Aquella,100.0,False,,
Argan,latin,2,argan,singleton,,argan,Argan,100.0,False,,
Bambino,latin,2,bambino,singleton,,bambino,Bambino,100.0,False,,
Banana Boat,latin,2,banana boat,singleton,,banana_boat,Banana Boat,100.0,False,,
Bank,latin,2,bank,singleton,,bank,Bank,100.0,False,,
Baraka,latin,2,baraka,singleton,,baraka,Baraka,100.0,False,,
Beast,latin,2,beast,singleton,,beast,Beast,100.0,False,,
Big Bub,latin,2,big bub,singleton,,big_bub,Big Bub,100.0,False,,
Big Chips,latin,2,big chips,singleton,,big_chips,Big Chips,100.0,False,,
Birell,latin,2,birell,singleton,,birell,Birell,100.0,False,,
Bit Alsultan,latin,2,bit alsultan,singleton,,bit_alsultan,Bit Alsultan,100.0,False,,
Bonny,latin,2,bonny,singleton,,bonny,Bonny,100.0,False,,
Bosphorus,latin,2,bosphorus,singleton,,bosphorus,Bosphorus,100.0,False,,
Brilliant,latin,2,brilliant,singleton,,brilliant,Brilliant,100.0,False,,
C F,latin,2,c f,singleton,,c_f,C F,100.0,False,,
Cavendish & Hervey,latin,2,cavendish & hervey,singleton,,cavendish_hervey,Cavendish & Hervey,100.0,False,,
Chanstar,latin,2,chanstar,singleton,,chanstar,Chanstar,100.0,False,,
Chemica,latin,2,chemica,singleton,,chemica,Chemica,100.0,False,,
Chicco,latin,2,chicco,singleton,,chicco,Chicco,100.0,False,,
Chiclets,latin,2,chiclets,singleton,,chiclets,Chiclets,100.0,False,,
Chocodate,latin,2,chocodate,singleton,,chocodate,Chocodate,100.0,False,,
Chtoura Garden,latin,2,chtoura garden,singleton,,chtoura_garden,Chtoura Garden,100.0,False,,
Chuang Ri,latin,2,chuang ri,singleton,,chuang_ri,Chuang Ri,100.0,False,,
Coffee Joy,latin,2,coffee joy,singleton,,coffee_joy,Coffee Joy,100.0,False,,
Con Tom,latin,2,con tom,singleton,,con_tom,Con Tom,100.0,False,,
Cono,latin,2,cono,singleton,,cono,Cono,100.0,False,,
Crazy,latin,2,crazy,singleton,,crazy,Crazy,100.0,False,,
Danisa,latin,2,danisa,singleton,,danisa,Danisa,100.0,False,,
Dax,latin,2,dax,singleton,,dax,Dax,100.0,False,,
De Nigris,latin,2,de nigris,singleton,,de_nigris,De Nigris,100.0,False,,
Domino,latin,2,domino,singleton,,domino,Domino,100.0,False,,
Donelli,latin,2,donelli,singleton,,donelli,Donelli,100.0,False,,
Dr.Oetker,latin,2,dr.oetker,singleton,,dr_oetker,Dr.Oetker,100.0,False,,
El Salam,latin,2,el salam,fuzzy_cluster,c3,elsalam,Elsalam,93.3,True,approve,
El Zenouki,latin,2,el zenouki,singleton,,el_zenouki,El Zenouki,100.0,False,,
Elegant,latin,2,elegant,singleton,,elegant,Elegant,100.0,False,,
Elmomtaz,latin,2,elmomtaz,singleton,,elmomtaz,Elmomtaz,100.0,False,,
Elsalam,latin,2,elsalam,fuzzy_cluster,c3,elsalam,Elsalam,93.3,True,approve,
Emirates,latin,2,emirates,singleton,,emirates,Emirates,100.0,False,,
Emo,latin,2,emo,singleton,,emo,Emo,100.0,False,,
F&D,latin,2,f&d,singleton,,f_d,F&D,100.0,False,,
Fam,latin,2,fam,singleton,,fam,Fam,100.0,False,,
Feta,latin,2,feta,singleton,,feta,Feta,100.0,False,,
Ff,latin,2,ff,singleton,,ff,Ff,100.0,False,,
Forno,latin,2,forno,singleton,,forno,Forno,100.0,False,,
Gabnty,latin,2,gabnty,singleton,,gabnty,Gabnty,100.0,False,,
Glasco,latin,2,glasco,fuzzy_cluster,c19,glasco,Glasco,90.9,True,approve,
Glass 4 You,latin,2,glass 4 you,singleton,,glass_4_you,Glass 4 You,100.0,False,,
Goldalex,latin,2,goldalex,singleton,,goldalex,Goldalex,100.0,False,,
Guttol,latin,2,guttol,singleton,,guttol,Guttol,100.0,False,,
Haloby,latin,2,haloby,singleton,,haloby,Haloby,100.0,False,,
Haloub Zaman,latin,2,haloub zaman,singleton,,haloub_zaman,Haloub Zaman,100.0,False,,
Happy Mum,latin,2,happy mum,singleton,,happy_mum,Happy Mum,100.0,False,,
Hayat,latin,2,hayat,singleton,,hayat,Hayat,100.0,False,,
Herman,latin,2,herman,singleton,,herman,Herman,100.0,False,,
Holsten,latin,2,holsten,singleton,,holsten,Holsten,100.0,False,,
Hostess,latin,2,hostess,singleton,,hostess,Hostess,100.0,False,,
Ice Ball,latin,2,ice ball,singleton,,ice_ball,Ice Ball,100.0,False,,
Jessica,latin,2,jessica,singleton,,jessica,Jessica,100.0,False,,
Juno,latin,2,juno,singleton,,juno,Juno,100.0,False,,
K-Karem,latin,2,k-karem,singleton,,k_karem,K-Karem,100.0,False,,
Kenana,latin,2,kenana,singleton,,kenana,Kenana,100.0,False,,
Kitkat,latin,2,kitkat,singleton,,kitkat,Kitkat,100.0,False,,
Kwg,latin,2,kwg,singleton,,kwg,Kwg,100.0,False,,
La Vache Royal,latin,2,la vache royal,singleton,,la_vache_royal,La Vache Royal,100.0,False,,
Lady,latin,2,lady,singleton,,lady,Lady,100.0,False,,
Lago,latin,2,lago,singleton,,lago,Lago,100.0,False,,
Lioa,latin,2,lioa,singleton,,lioa,Lioa,100.0,False,,
Lixir,latin,2,lixir,singleton,,lixir,Lixir,100.0,False,,
Luminarc,latin,2,luminarc,singleton,,luminarc,Luminarc,100.0,False,,
Mach3,latin,2,mach3,singleton,,mach3,Mach3,100.0,False,,
Max Clean,latin,2,max clean,singleton,,max_clean,Max Clean,100.0,False,,
Maxi,latin,2,maxi,singleton,,maxi,Maxi,100.0,False,,
Mego,latin,2,mego,singleton,,mego,Mego,100.0,False,,
Mikla,latin,2,mikla,singleton,,mikla,Mikla,100.0,False,,
Miller'S,latin,2,miller's,fuzzy_cluster,c18,millers,Millers,93.3,True,approve,
Mimix,latin,2,mimix,singleton,,mimix,Mimix,100.0,False,,
Mitra,latin,2,mitra,fuzzy_cluster,c5,mintra,Mintra,90.9,True,approve,
Morgana,latin,2,morgana,singleton,,morgana,Morgana,100.0,False,,
Nardino,latin,2,nardino,singleton,,nardino,Nardino,100.0,False,,
Nawaem,latin,2,nawaem,singleton,,nawaem,Nawaem,100.0,False,,
Neri,latin,2,neri,singleton,,neri,Neri,100.0,False,,
Nucream,latin,2,nucream,singleton,,nucream,Nucream,100.0,False,,
One Desire,latin,2,one desire,singleton,,one_desire,One Desire,100.0,False,,
Palmera,latin,2,palmera,singleton,,palmera,Palmera,100.0,False,,
Pearl River,latin,2,pearl river,singleton,,pearl_river,Pearl River,100.0,False,,
Pears,latin,2,pears,singleton,,pears,Pears,100.0,False,,
Poly Time,latin,2,poly time,singleton,,poly_time,Poly Time,100.0,False,,
Pulsar,latin,2,pulsar,singleton,,pulsar,Pulsar,100.0,False,,
Pva,latin,2,pva,singleton,,pva,Pva,100.0,False,,
Re-Gen,latin,2,re-gen,singleton,,re_gen,Re-Gen,100.0,False,,
Rich Food,latin,2,rich food,singleton,,rich_food,Rich Food,100.0,False,,
Royal Star,latin,2,royal star,singleton,,royal_star,Royal Star,100.0,False,,
Rs,latin,2,rs,singleton,,rs,Rs,100.0,False,,
Savoiardi,latin,2,savoiardi,singleton,,savoiardi,Savoiardi,100.0,False,,
Segment,latin,2,segment,singleton,,segment,Segment,100.0,False,,
Silver Cap,latin,2,silver cap,singleton,,silver_cap,Silver Cap,100.0,False,,
Special,latin,2,special,singleton,,special,Special,100.0,False,,
Speed Stick,latin,2,speed stick,singleton,,speed_stick,Speed Stick,100.0,False,,
Squeasy,latin,2,squeasy,singleton,,squeasy,Squeasy,100.0,False,,
Steens,latin,2,steens,singleton,,steens,Steens,100.0,False,,
Steripan,latin,2,steripan,singleton,,steripan,Steripan,100.0,False,,
Sunfood,latin,2,sunfood,singleton,,sunfood,Sunfood,100.0,False,,
Sure,latin,2,sure,singleton,,sure,Sure,100.0,False,,
Tetes Brulees,latin,2,tetes brulees,singleton,,tetes_brulees,Tetes Brulees,100.0,False,,
Tiger Brand,latin,2,tiger brand,singleton,,tiger_brand,Tiger Brand,100.0,False,,
Tinkle,latin,2,tinkle,singleton,,tinkle,Tinkle,100.0,False,,
Todo,latin,2,todo,singleton,,todo,Todo,100.0,False,,
Toya,latin,2,toya,singleton,,toya,Toya,100.0,False,,
Tropicana,latin,2,tropicana,singleton,,tropicana,Tropicana,100.0,False,,
Tuc,latin,2,tuc,singleton,,tuc,Tuc,100.0,False,,
Watania,latin,2,watania,singleton,,watania,Watania,100.0,False,,
Werthers,latin,2,werthers,singleton,,werthers,Werthers,100.0,False,,
Wonka,latin,2,wonka,singleton,,wonka,Wonka,100.0,False,,
Yc,latin,2,yc,singleton,,yc,Yc,100.0,False,,
Zy Elassal,latin,2,zy elassal,singleton,,zy_elassal,Zy Elassal,100.0,False,,
اكويلا,arabic,2,اكويلا,singleton,,brand_670cc2f553,اكويلا,100.0,False,,
الربيع,arabic,2,الربيع,singleton,,brand_24d624088a,الربيع,100.0,False,,
المستيل زيرو,arabic,2,المستيل زيرو,singleton,,brand_356178d633,المستيل زيرو,100.0,False,,
الممتاز,arabic,2,الممتاز,singleton,,brand_7a91a2e4da,الممتاز,100.0,False,,
املا,arabic,2,املا,singleton,,brand_bd9d143917,املا,100.0,False,,
بانانا بوت,arabic,2,بانانا بوت,singleton,,brand_9df62f3e08,بانانا بوت,100.0,False,,
بركه,arabic,2,بركه,singleton,,brand_a74e5270c7,بركه,100.0,False,,
بونى,arabic,2,بوني,singleton,,brand_082d2fac41,بونى,100.0,False,,
بيج شبس,arabic,2,بيج شبس,singleton,,brand_fd7dd66b03,بيج شبس,100.0,False,,
بيرز,arabic,2,بيرز,singleton,,brand_9fd4e5955c,بيرز,100.0,False,,
تروبيكانا,arabic,2,تروبيكانا,singleton,,brand_74e0f4b89d,تروبيكانا,100.0,False,,
تشيكليتس,arabic,2,تشيكليتس,singleton,,brand_fb905e1e97,تشيكليتس,100.0,False,,
تودو,arabic,2,تودو,singleton,,brand_8518d86cb3,تودو,100.0,False,,
توك,arabic,2,توك,singleton,,brand_8a1218ff89,توك,100.0,False,,
تويا,arabic,2,تويا,singleton,,brand_71d4492228,تويا,100.0,False,,
جلاس٤يو,arabic,2,جلاس٤يو,singleton,,brand_05faa06d97,جلاس٤يو,100.0,False,,
حلوب زمان,arabic,2,حلوب زمان,singleton,,brand_a0126fc1c8,حلوب زمان,100.0,False,,
حلوبى,arabic,2,حلوبي,singleton,,brand_606dd97811,حلوبى,100.0,False,,
حياة,arabic,2,حياة,singleton,,brand_03360ba062,حياة,100.0,False,,
د.اوتكر,arabic,2,د.اوتكر,singleton,,brand_cd6df65461,د.اوتكر,100.0,False,,
دانيسا,arabic,2,دانيسا,singleton,,brand_6eb7647b0e,دانيسا,100.0,False,,
دى نيجريس,arabic,2,دي نيجريس,singleton,,brand_24a80b6318,دى نيجريس,100.0,False,,
رى-جين,arabic,2,ري-جين,singleton,,brand_19c25bf2f5,رى-جين,100.0,False,,
زي العسل,arabic,2,زي العسل,singleton,,brand_6acbd19fbf,زي العسل,100.0,False,,
سبيد ستيك,arabic,2,سبيد ستيك,singleton,,brand_458447a513,سبيد ستيك,100.0,False,,
ستريبان,arabic,2,ستريبان,singleton,,brand_5afc1848ab,ستريبان,100.0,False,,
سكويسى,arabic,2,سكويسي,singleton,,brand_e3541cbbf8,سكويسى,100.0,False,,
شطوره جاردن,arabic,2,شطوره جاردن,singleton,,brand_fc388bd7e0,شطوره جاردن,100.0,False,,
شور,arabic,2,شور,singleton,,brand_a89449db68,شور,100.0,False,,
شوكودات,arabic,2,شوكودات,singleton,,brand_06b8a527bc,شوكودات,100.0,False,,
شيكو,arabic,2,شيكو,singleton,,brand_d11b59e720,شيكو,100.0,False,,
صن فود,arabic,2,صن فود,singleton,,brand_e76cbc9b2f,صن فود,100.0,False,,
كاڤينديش& هيرفي,arabic,2,كاڤينديش& هيرفي,singleton,,brand_151bf804c1,كاڤينديش& هيرفي,100.0,False,,
كوفى جوى,arabic,2,كوفي جوي,singleton,,brand_6bf9c1e33a,كوفى جوى,100.0,False,,
كونو,arabic,2,كونو,singleton,,brand_d5abbe31c4,كونو,100.0,False,,
كينانا,arabic,2,كينانا,singleton,,brand_aa45de4663,كينانا,100.0,False,,
لاجو,arabic,2,لاجو,singleton,,brand_fea58c94f3,لاجو,100.0,False,,
لومينرك,arabic,2,لومينرك,singleton,,brand_6d325398b0,لومينرك,100.0,False,,
ماتش٣,arabic,2,ماتش٣,singleton,,brand_9661935dca,ماتش٣,100.0,False,,
ميترا,arabic,2,ميترا,fuzzy_cluster,c31,brand_a2b50410d7,مينترا,90.9,True,approve,
ميجو,arabic,2,ميجو,singleton,,brand_be888468a0,ميجو,100.0,False,,
ميلرز,arabic,2,ميلرز,singleton,,brand_86128abfb0,ميلرز,100.0,False,,
ميمكس,arabic,2,ميمكس,singleton,,brand_12b2fb5fc3,ميمكس,100.0,False,,
نواعم,arabic,2,نواعم,singleton,,brand_303ba2c13f,نواعم,100.0,False,,
نوكريم,arabic,2,نوكريم,singleton,,brand_49dc26bf00,نوكريم,100.0,False,,
هرمان,arabic,2,هرمان,singleton,,brand_e8484bfccd,هرمان,100.0,False,,
هوستس,arabic,2,هوستس,singleton,,brand_e568354f2e,هوستس,100.0,False,,
هولستن,arabic,2,هولستن,singleton,,brand_9027459889,هولستن,100.0,False,,
وانكا,arabic,2,وانكا,singleton,,brand_ff7d657242,وانكا,100.0,False,,
ورثرز,arabic,2,ورثرز,singleton,,brand_ad7ed169ac,ورثرز,100.0,False,,
Abido,latin,1,abido,singleton,,abido,Abido,100.0,False,,
Abo Bint,latin,1,abo bint,singleton,,abo_bint,Abo Bint,100.0,False,,
Adco,latin,1,adco,singleton,,adco,Adco,100.0,False,,
Al Ostora,latin,1,al ostora,singleton,,al_ostora,Al Ostora,100.0,False,,
Aleman For Food,latin,1,aleman for food,singleton,,aleman_for_food,Aleman For Food,100.0,False,,
Alpen,latin,1,alpen,singleton,,alpen,Alpen,100.0,False,,
Annucci,latin,1,annucci,singleton,,annucci,Annucci,100.0,False,,
Aqua,latin,1,aqua,singleton,,aqua,Aqua,100.0,False,,
Aqua Fresh,latin,1,aqua fresh,fuzzy_cluster,c29,aquafresh,Aquafresh,94.7,True,approve,
Aquafresh,latin,1,aquafresh,fuzzy_cluster,c29,aquafresh,Aquafresh,94.7,True,approve,
Arla,latin,1,arla,singleton,,arla,Arla,100.0,False,,
Aunty Baheya,latin,1,aunty baheya,singleton,,aunty_baheya,Aunty Baheya,100.0,False,,
Babaria,latin,1,babaria,fuzzy_cluster,c28,babari,Babari,92.3,True,approve,
Backaldrin,latin,1,backaldrin,singleton,,backaldrin,Backaldrin,100.0,False,,
Big Babol,latin,1,big babol,singleton,,big_babol,Big Babol,100.0,False,,
Bordon,latin,1,bordon,fuzzy_cluster,c26,bordonn,Bordonn,92.3,True,approve,
Breadway,latin,1,breadway,singleton,,breadway,Breadway,100.0,False,,
California Farms,latin,1,california farms,singleton,,california_farms,California Farms,100.0,False,,
Clorita,latin,1,clorita,singleton,,clorita,Clorita,100.0,False,,
Corega,latin,1,corega,singleton,,corega,Corega,100.0,False,,
Curad,latin,1,curad,singleton,,curad,Curad,100.0,False,,
Dabur Vatika,latin,1,dabur vatika,singleton,,dabur_vatika,Dabur Vatika,100.0,False,,
Domaine Natroun,latin,1,domaine natroun,singleton,,domaine_natroun,Domaine Natroun,100.0,False,,
Drogheria,latin,1,drogheria,singleton,,drogheria,Drogheria,100.0,False,,
Eltawoos,latin,1,eltawoos,fuzzy_cluster,c4,el_tawoos,El Tawoos,94.1,True,approve,
Fagor,latin,1,fagor,singleton,,fagor,Fagor,100.0,False,,
Fair&Lovely,latin,1,fair&lovely,singleton,,fair_lovely,Fair&Lovely,100.0,False,,
Fevokool,latin,1,fevokool,singleton,,fevokool,Fevokool,100.0,False,,
Fonterra,latin,1,fonterra,singleton,,fonterra,Fonterra,100.0,False,,
Glan,latin,1,glan,singleton,,glan,Glan,100.0,False,,
Glaso,latin,1,glaso,fuzzy_cluster,c19,glasco,Glasco,90.9,True,approve,
Glinter,latin,1,glinter,singleton,,glinter,Glinter,100.0,False,,
Gold,latin,1,gold,singleton,,gold,Gold,100.0,False,,
Grandi Cook,latin,1,grandi cook,singleton,,grandi_cook,Grandi Cook,100.0,False,,
Hahne,latin,1,hahne,singleton,,hahne,Hahne,100.0,False,,
Happy Day,latin,1,happy day,singleton,,happy_day,Happy Day,100.0,False,,
Harviton,latin,1,harviton,singleton,,harviton,Harviton,100.0,False,,
Hawaiian Tropic,latin,1,hawaiian tropic,singleton,,hawaiian_tropic,Hawaiian Tropic,100.0,False,,
Hayah,latin,1,hayah,singleton,,hayah,Hayah,100.0,False,,
He Shun Yuan,latin,1,he shun yuan,singleton,,he_shun_yuan,He Shun Yuan,100.0,False,,
Hekaya,latin,1,hekaya,singleton,,hekaya,Hekaya,100.0,False,,
Hintz,latin,1,hintz,singleton,,hintz,Hintz,100.0,False,,
Iliada,latin,1,iliada,singleton,,iliada,Iliada,100.0,False,,
Jade Leaf,latin,1,jade leaf,singleton,,jade_leaf,Jade Leaf,100.0,False,,
Jolyeva,latin,1,jolyeva,singleton,,jolyeva,Jolyeva,100.0,False,,
Khabaz Elforat,latin,1,khabaz elforat,singleton,,khabaz_elforat,Khabaz Elforat,100.0,False,,
Koldair,latin,1,koldair,singleton,,koldair,Koldair,100.0,False,,
La Baleine,latin,1,la baleine,singleton,,la_baleine,La Baleine,100.0,False,,
Leibniz,latin,1,leibniz,singleton,,leibniz,Leibniz,100.0,False,,
Lenora,latin,1,lenora,singleton,,lenora,Lenora,100.0,False,,
Lilien,latin,1,lilien,singleton,,lilien,Lilien,100.0,False,,
Lorigine,latin,1,lorigine,singleton,,lorigine,Lorigine,100.0,False,,
Mahran,latin,1,mahran,singleton,,mahran,Mahran,100.0,False,,
Mane 'N Tail,latin,1,mane 'n tail,singleton,,mane_n_tail,Mane 'N Tail,100.0,False,,
Mil Mil,latin,1,mil mil,singleton,,mil_mil,Mil Mil,100.0,False,,
Mitr Phol,latin,1,mitr phol,singleton,,mitr_phol,Mitr Phol,100.0,False,,
Nerds,latin,1,nerds,singleton,,nerds,Nerds,100.0,False,,
Nivea Sun,latin,1,nivea sun,singleton,,nivea_sun,Nivea Sun,100.0,False,,
Paysan Breton,latin,1,paysan breton,singleton,,paysan_breton,Paysan Breton,100.0,False,,
Prego,latin,1,prego,singleton,,prego,Prego,100.0,False,,
Rabea,latin,1,rabea,singleton,,rabea,Rabea,100.0,False,,
Rafaello,latin,1,rafaello,singleton,,rafaello,Rafaello,100.0,False,,
Sanex Baby,latin,1,sanex baby,singleton,,sanex_baby,Sanex Baby,100.0,False,,
Santa Maria,latin,1,santa maria,singleton,,santa_maria,Santa Maria,100.0,False,,
Scholl,latin,1,scholl,singleton,,scholl,Scholl,100.0,False,,
Shout,latin,1,shout,singleton,,shout,Shout,100.0,False,,
Sony,latin,1,sony,singleton,,sony,Sony,100.0,False,,
Storck,latin,1,storck,fuzzy_cluster,c25,storcks,Storcks,92.3,True,approve,
Toblerone,latin,1,toblerone,singleton,,toblerone,Toblerone,100.0,False,,
Toffifee,latin,1,toffifee,singleton,,toffifee,Toffifee,100.0,False,,
Tonkita,latin,1,tonkita,singleton,,tonkita,Tonkita,100.0,False,,
Tri Care,latin,1,tri care,singleton,,tri_care,Tri Care,100.0,False,,
V7,latin,1,v7,singleton,,v7,V7,100.0,False,,
Veg Mart,latin,1,veg mart,singleton,,veg_mart,Veg Mart,100.0,False,,
Vegeta,latin,1,vegeta,singleton,,vegeta,Vegeta,100.0,False,,
Villa Grimelli,latin,1,villa grimelli,singleton,,villa_grimelli,Villa Grimelli,100.0,False,,
ابو بنت,arabic,1,ابو بنت,singleton,,brand_9d8ca35975,ابو بنت,100.0,False,,
ادكو,arabic,1,ادكو,singleton,,brand_99eea7aecc,ادكو,100.0,False,,
ارلا,arabic,1,ارلا,singleton,,brand_c655af1a62,ارلا,100.0,False,,
اسكول,arabic,1,اسكول,singleton,,brand_0bf92ab73f,اسكول,100.0,False,,
اكوا,arabic,1,اكوا,singleton,,brand_f7c613d239,اكوا,100.0,False,,
اكوا فريش,arabic,1,اكوا فريش,fuzzy_cluster,c33,brand_ced32fb4a5,اكوافريش,94.1,True,approve,
اكوافريش,arabic,1,اكوافريش,fuzzy_cluster,c33,brand_ced32fb4a5,اكوافريش,94.1,True,approve,
الأسطورة,arabic,1,الاسطورة,singleton,,brand_6de36fc90e,الأسطورة,100.0,False,,
الايمان فور فود,arabic,1,الايمان فور فود,singleton,,brand_1e5e51ad65,الايمان فور فود,100.0,False,,
البين,arabic,1,البين,singleton,,brand_275f450791,البين,100.0,False,,
انيوسى,arabic,1,انيوسي,singleton,,brand_9672a0a746,انيوسى,100.0,False,,
ايليادا,arabic,1,ايليادا,singleton,,brand_15ae9bc25b,ايليادا,100.0,False,,
باباريا,arabic,1,باباريا,singleton,,brand_a8af45c66c,باباريا,100.0,False,,
باكالدرين,arabic,1,باكالدرين,singleton,,brand_f6f143d0e9,باكالدرين,100.0,False,,
بريجو,arabic,1,بريجو,singleton,,brand_e5dd7a1c91,بريجو,100.0,False,,
بريدواى,arabic,1,بريدواي,singleton,,brand_f13a72e9ea,بريدواى,100.0,False,,
بوردون,arabic,1,بوردون,singleton,,brand_df5ffc59aa,بوردون,100.0,False,,
بيج بابول,arabic,1,بيج بابول,singleton,,brand_84a0ba42ea,بيج بابول,100.0,False,,
بيسان برتون,arabic,1,بيسان برتون,singleton,,brand_39f7c80b84,بيسان برتون,100.0,False,,
ترى كير,arabic,1,تري كير,singleton,,brand_f013405134,ترى كير,100.0,False,,
توبلرون,arabic,1,توبلرون,singleton,,brand_542d96c3ee,توبلرون,100.0,False,,
توفيفى,arabic,1,توفيفي,singleton,,brand_2d24d2bd1b,توفيفى,100.0,False,,
تونكيتا,arabic,1,تونكيتا,singleton,,brand_d2d03c7716,تونكيتا,100.0,False,,
جاد ليف,arabic,1,جاد ليف,singleton,,brand_b47f6d507b,جاد ليف,100.0,False,,
جراندى كوك,arabic,1,جراندي كوك,singleton,,brand_260e864813,جراندى كوك,100.0,False,,
جلاسو,arabic,1,جلاسو,singleton,,brand_76f9520ec5,جلاسو,100.0,False,,
جلان,arabic,1,جلان,singleton,,brand_b1cecb11a4,جلان,100.0,False,,
جلينتر,arabic,1,جلينتر,singleton,,brand_197aac6da8,جلينتر,100.0,False,,
جولد,arabic,1,جولد,singleton,,brand_046a567efe,جولد,100.0,False,,
جوليڤا,arabic,1,جوليڤا,singleton,,brand_7be3ab56f9,جوليڤا,100.0,False,,
حاحن,arabic,1,حاحن,singleton,,brand_e34b56349f,حاحن,100.0,False,,
حكاية,arabic,1,حكاية,singleton,,brand_8828ae74ea,حكاية,100.0,False,,
حياه,arabic,1,حياه,singleton,,brand_63303fc5cb,حياه,100.0,False,,
خالتي بهيه,arabic,1,خالتي بهيه,singleton,,brand_0c088bcc14,خالتي بهيه,100.0,False,,
خباز الفرات,arabic,1,خباز الفرات,singleton,,brand_4bdd710fb2,خباز الفرات,100.0,False,,
دابر ڤاتيكا,arabic,1,دابر ڤاتيكا,singleton,,brand_bd6f447d5a,دابر ڤاتيكا,100.0,False,,
دروغريا,arabic,1,دروغريا,singleton,,brand_6cdced1c6c,دروغريا,100.0,False,,
دومانى ناتشرو,arabic,1,دوماني ناتشرو,singleton,,brand_c44dea113f,دومانى ناتشرو,100.0,False,,
ربيع,arabic,1,ربيع,singleton,,brand_1b25609ad6,ربيع,100.0,False,,
ريفولى,arabic,1,ريفولي,singleton,,brand_b9ab9ad331,ريفولى,100.0,False,,
سانتا ماريا,arabic,1,سانتا ماريا,singleton,,brand_bad500c1c2,سانتا ماريا,100.0,False,,
ستورك,arabic,1,ستورك,singleton,,brand_c6b7950a34,ستورك,100.0,False,,
سكس بيبى,arabic,1,سكس بيبي,singleton,,brand_52c88663cd,سكس بيبى,100.0,False,,
سونى,arabic,1,سوني,singleton,,brand_6da4a00938,سونى,100.0,False,,
شوت,arabic,1,شوت,singleton,,brand_2ed250538e,شوت,100.0,False,,
عبيدو,arabic,1,عبيدو,singleton,,brand_0a6f7cb50c,عبيدو,100.0,False,,
فاجور,arabic,1,فاجور,singleton,,brand_2e500a6409,فاجور,100.0,False,,
فونتيرا,arabic,1,فونتيرا,singleton,,brand_f370c551d5,فونتيرا,100.0,False,,
في 7,arabic,1,في 7,singleton,,7,في 7,100.0,False,,
فير &لاڤلى,arabic,1,فير &لاڤلي,singleton,,brand_cd1c55239a,فير &لاڤلى,100.0,False,,
فيڤوكوول,arabic,1,فيڤوكوول,singleton,,brand_4c3891d34c,فيڤوكوول,100.0,False,,
كاليفورنيا فارمس,arabic,1,كاليفورنيا فارمس,singleton,,brand_74667762b4,كاليفورنيا فارمس,100.0,False,,
كلوريتا,arabic,1,كلوريتا,singleton,,brand_c2829fcc25,كلوريتا,100.0,False,,
كوراد,arabic,1,كوراد,singleton,,brand_6c6a74e6b3,كوراد,100.0,False,,
كورجا,arabic,1,كورجا,singleton,,brand_ee301f85aa,كورجا,100.0,False,,
كولدير,arabic,1,كولدير,singleton,,brand_40922fa91d,كولدير,100.0,False,,
لابالينى,arabic,1,لاباليني,singleton,,brand_ffb4ce5253,لابالينى,100.0,False,,
لوريجاني,arabic,1,لوريجاني,singleton,,brand_1d1761e067,لوريجاني,100.0,False,,
ليبنيز,arabic,1,ليبنيز,singleton,,brand_8ab8d42b76,ليبنيز,100.0,False,,
ليلين,arabic,1,ليلين,singleton,,brand_d3d48d021a,ليلين,100.0,False,,
لينورا,arabic,1,لينورا,singleton,,brand_3ea0c2cc62,لينورا,100.0,False,,
مان'ن تيل,arabic,1,مان'ن تيل,singleton,,brand_1ce6fc6384,مان'ن تيل,100.0,False,,
مستر فول,arabic,1,مستر فول,singleton,,brand_af0657a436,مستر فول,100.0,False,,
مهران,arabic,1,مهران,singleton,,brand_cc4cbeba1f,مهران,100.0,False,,
ميل ميل,arabic,1,ميل ميل,singleton,,brand_6550340f75,ميل ميل,100.0,False,,
نيردس,arabic,1,نيردس,singleton,,brand_121554d114,نيردس,100.0,False,,
نيڤا صن,arabic,1,نيڤا صن,singleton,,brand_f6b2163394,نيڤا صن,100.0,False,,
هابى داى,arabic,1,هابي داي,singleton,,brand_4f58a4cf28,هابى داى,100.0,False,,
هارفيتون,arabic,1,هارفيتون,singleton,,brand_88a44cc0fb,هارفيتون,100.0,False,,
هوايان تروبيك,arabic,1,هوايان تروبيك,singleton,,brand_1abb51f816,هوايان تروبيك,100.0,False,,
هى شون يون,arabic,1,هي شون يون,singleton,,brand_2ca5faeb0f,هى شون يون,100.0,False,,
هينتز,arabic,1,هينتز,singleton,,brand_e087ab4d15,هينتز,100.0,False,,
ڤج مارت,arabic,1,ڤج مارت,singleton,,brand_35ac854a62,ڤج مارت,100.0,False,,
ڤيجيتا,arabic,1,ڤيجيتا,singleton,,brand_739d11086c,ڤيجيتا,100.0,False,,
ڤيلاجيرميلى,arabic,1,ڤيلاجيرميلي,singleton,,brand_4f9dfb97fe,ڤيلاجيرميلى,100.0,False,,
